Timing Analyzer report for FPGA
Sat Jul 25 11:36:16 2026
Quartus Prime Version 24.1std.0 Build 1077 03/04/2025 SC Lite Edition


---------------------
; Table of Contents ;
---------------------
  1. Legal Notice
  2. Timing Analyzer Summary
  3. Parallel Compilation
  4. SDC File List
  5. Clocks
  6. Slow 1200mV 85C Model Fmax Summary
  7. Slow 1200mV 85C Model Setup Summary
  8. Slow 1200mV 85C Model Hold Summary
  9. Slow 1200mV 85C Model Recovery Summary
 10. Slow 1200mV 85C Model Removal Summary
 11. Slow 1200mV 85C Model Minimum Pulse Width Summary
 12. Slow 1200mV 85C Model Metastability Summary
 13. Slow 1200mV 0C Model Fmax Summary
 14. Slow 1200mV 0C Model Setup Summary
 15. Slow 1200mV 0C Model Hold Summary
 16. Slow 1200mV 0C Model Recovery Summary
 17. Slow 1200mV 0C Model Removal Summary
 18. Slow 1200mV 0C Model Minimum Pulse Width Summary
 19. Slow 1200mV 0C Model Metastability Summary
 20. Fast 1200mV 0C Model Setup Summary
 21. Fast 1200mV 0C Model Hold Summary
 22. Fast 1200mV 0C Model Recovery Summary
 23. Fast 1200mV 0C Model Removal Summary
 24. Fast 1200mV 0C Model Minimum Pulse Width Summary
 25. Fast 1200mV 0C Model Metastability Summary
 26. Multicorner Timing Analysis Summary
 27. Board Trace Model Assignments
 28. Input Transition Times
 29. Signal Integrity Metrics (Slow 1200mv 0c Model)
 30. Signal Integrity Metrics (Slow 1200mv 85c Model)
 31. Signal Integrity Metrics (Fast 1200mv 0c Model)
 32. Setup Transfers
 33. Hold Transfers
 34. Recovery Transfers
 35. Removal Transfers
 36. Report TCCS
 37. Report RSKM
 38. Unconstrained Paths Summary
 39. Clock Status Summary
 40. Timing Analyzer Messages



----------------
; Legal Notice ;
----------------
Copyright (C) 2025  Altera Corporation. All rights reserved.
Your use of Altera Corporation's design tools, logic functions 
and other software and tools, and any partner logic 
functions, and any output files from any of the foregoing 
(including device programming or simulation files), and any 
associated documentation or information are expressly subject 
to the terms and conditions of the Altera Program License 
Subscription Agreement, the Altera Quartus Prime License Agreement,
the Altera IP License Agreement, or other applicable license
agreement, including, without limitation, that your use is for
the sole purpose of programming logic devices manufactured by
Altera and sold by Altera or its authorized distributors.  Please
refer to the Altera Software License Subscription Agreements 
on the Quartus Prime software download page.



+---------------------------------------------------------------------------------+
; Timing Analyzer Summary                                                         ;
+-----------------------+---------------------------------------------------------+
; Quartus Prime Version ; Version 24.1std.0 Build 1077 03/04/2025 SC Lite Edition ;
; Timing Analyzer       ; Legacy Timing Analyzer                                  ;
; Revision Name         ; FPGA                                                    ;
; Device Family         ; MAX 10                                                  ;
; Device Name           ; 10M50DAF484C7G                                          ;
; Timing Models         ; Final                                                   ;
; Delay Model           ; Combined                                                ;
; Rise/Fall Delays      ; Enabled                                                 ;
+-----------------------+---------------------------------------------------------+


+------------------------------------------+
; Parallel Compilation                     ;
+----------------------------+-------------+
; Processors                 ; Number      ;
+----------------------------+-------------+
; Number detected on machine ; 4           ;
; Maximum allowed            ; 4           ;
;                            ;             ;
; Average used               ; 2.73        ;
; Maximum used               ; 4           ;
;                            ;             ;
; Usage by Processor         ; % Time Used ;
;     Processor 1            ; 100.0%      ;
;     Processor 2            ;  59.1%      ;
;     Processor 3            ;  58.1%      ;
;     Processor 4            ;  55.8%      ;
+----------------------------+-------------+


+---------------------------------------------------+
; SDC File List                                     ;
+---------------+--------+--------------------------+
; SDC File Path ; Status ; Read at                  ;
+---------------+--------+--------------------------+
; FPGA.sdc      ; OK     ; Sat Jul 25 11:35:52 2026 ;
+---------------+--------+--------------------------+


+-------------------------------------------------------------------------------------------------------------------------------------------------------------------------------------------------------------------------------------------------------------------------------------------------------------------------------+
; Clocks                                                                                                                                                                                                                                                                                                                        ;
+---------------------------------------------------+-----------+----------+-----------+----------+----------+------------+-----------+-------------+-------+--------+-----------+------------+----------+--------+-----------------------------------------------------+-------------------------------------------------------+
; Clock Name                                        ; Type      ; Period   ; Frequency ; Rise     ; Fall     ; Duty Cycle ; Divide by ; Multiply by ; Phase ; Offset ; Edge List ; Edge Shift ; Inverted ; Master ; Source                                              ; Targets                                               ;
+---------------------------------------------------+-----------+----------+-----------+----------+----------+------------+-----------+-------------+-------+--------+-----------+------------+----------+--------+-----------------------------------------------------+-------------------------------------------------------+
; CLK50                                             ; Base      ; 20.000   ; 50.0 MHz  ; 0.000    ; 10.000   ;            ;           ;             ;       ;        ;           ;            ;          ;        ;                                                     ; { CLK50 }                                             ;
; CLK_MCS4_C                                        ; Base      ; 1333.333 ; 0.75 MHz  ; 0.000    ; 666.666  ;            ;           ;             ;       ;        ;           ;            ;          ;        ;                                                     ; { C_MCS4_CLK }                                        ;
; CLK_MCS4_S                                        ; Base      ; 1333.333 ; 0.75 MHz  ; 0.000    ; 666.666  ;            ;           ;             ;       ;        ;           ;            ;          ;        ;                                                     ; { U_PLL|altpll_component|auto_generated|pll1|clk[2] } ;
; CLK_RISC_V                                        ; Base      ; 50.000   ; 20.0 MHz  ; 0.000    ; 25.000   ;            ;           ;             ;       ;        ;           ;            ;          ;        ;                                                     ; { U_PLL|altpll_component|auto_generated|pll1|clk[0] } ;
; POR                                               ; Base      ; 5000.000 ; 0.2 MHz   ; 0.000    ; 2500.000 ;            ;           ;             ;       ;        ;           ;            ;          ;        ;                                                     ; { por2|q }                                            ;
; TCK                                               ; Base      ; 100.000  ; 10.0 MHz  ; 0.000    ; 50.000   ;            ;           ;             ;       ;        ;           ;            ;          ;        ;                                                     ; { TCK }                                               ;
; U_PLL|altpll_component|auto_generated|pll1|clk[3] ; Generated ; 1333.333 ; 0.75 MHz  ; 1200.000 ; 1866.666 ; 50.00      ; 200       ; 3           ; -36.0 ;        ;           ;            ; false    ; CLK50  ; U_PLL|altpll_component|auto_generated|pll1|inclk[0] ; { U_PLL|altpll_component|auto_generated|pll1|clk[3] } ;
; U_PLL|altpll_component|auto_generated|pll1|clk[4] ; Generated ; 1333.333 ; 0.75 MHz  ; 133.333  ; 799.999  ; 50.00      ; 200       ; 3           ; 36.0  ;        ;           ;            ; false    ; CLK50  ; U_PLL|altpll_component|auto_generated|pll1|inclk[0] ; { U_PLL|altpll_component|auto_generated|pll1|clk[4] } ;
+---------------------------------------------------+-----------+----------+-----------+----------+----------+------------+-----------+-------------+-------+--------+-----------+------------+----------+--------+-----------------------------------------------------+-------------------------------------------------------+


+-----------------------------------------------------------------------------------------------------------+
; Slow 1200mV 85C Model Fmax Summary                                                                        ;
+------------+-----------------+------------+---------------------------------------------------------------+
; Fmax       ; Restricted Fmax ; Clock Name ; Note                                                          ;
+------------+-----------------+------------+---------------------------------------------------------------+
; 0.98 MHz   ; 0.98 MHz        ; CLK_MCS4_S ;                                                               ;
; 1.71 MHz   ; 1.71 MHz        ; CLK_MCS4_C ;                                                               ;
; 21.19 MHz  ; 21.19 MHz       ; CLK_RISC_V ;                                                               ;
; 38.79 MHz  ; 38.79 MHz       ; TCK        ;                                                               ;
; 316.66 MHz ; 250.0 MHz       ; CLK50      ; limit due to minimum period restriction (max I/O toggle rate) ;
+------------+-----------------+------------+---------------------------------------------------------------+
This panel reports FMAX for every clock in the design, regardless of the user-specified clock periods.  FMAX is only computed for paths where the source and destination registers or ports are driven by the same clock.  Paths of different clocks, including generated clocks, are ignored.  For paths between a clock and its inversion, FMAX is computed as if the rising and falling edges are scaled along with FMAX, such that the duty cycle (in terms of a percentage) is maintained. Altera recommends that you always use clock constraints and other slack reports for sign-off analysis.


+-----------------------------------------------------------------------------+
; Slow 1200mV 85C Model Setup Summary                                         ;
+---------------------------------------------------+---------+---------------+
; Clock                                             ; Slack   ; End Point TNS ;
+---------------------------------------------------+---------+---------------+
; CLK_RISC_V                                        ; 2.802   ; 0.000         ;
; CLK50                                             ; 16.842  ; 0.000         ;
; POR                                               ; 31.917  ; 0.000         ;
; TCK                                               ; 37.111  ; 0.000         ;
; U_PLL|altpll_component|auto_generated|pll1|clk[4] ; 108.227 ; 0.000         ;
; CLK_MCS4_S                                        ; 124.354 ; 0.000         ;
; U_PLL|altpll_component|auto_generated|pll1|clk[3] ; 693.692 ; 0.000         ;
; CLK_MCS4_C                                        ; 749.167 ; 0.000         ;
+---------------------------------------------------+---------+---------------+


+------------------------------------------------------------------------------+
; Slow 1200mV 85C Model Hold Summary                                           ;
+---------------------------------------------------+----------+---------------+
; Clock                                             ; Slack    ; End Point TNS ;
+---------------------------------------------------+----------+---------------+
; CLK_RISC_V                                        ; 0.339    ; 0.000         ;
; CLK_MCS4_S                                        ; 0.340    ; 0.000         ;
; CLK_MCS4_C                                        ; 0.348    ; 0.000         ;
; CLK50                                             ; 0.358    ; 0.000         ;
; TCK                                               ; 0.378    ; 0.000         ;
; POR                                               ; 16.374   ; 0.000         ;
; U_PLL|altpll_component|auto_generated|pll1|clk[3] ; 636.871  ; 0.000         ;
; U_PLL|altpll_component|auto_generated|pll1|clk[4] ; 1207.073 ; 0.000         ;
+---------------------------------------------------+----------+---------------+


+------------------------------------------------------------------------------+
; Slow 1200mV 85C Model Recovery Summary                                       ;
+---------------------------------------------------+----------+---------------+
; Clock                                             ; Slack    ; End Point TNS ;
+---------------------------------------------------+----------+---------------+
; U_PLL|altpll_component|auto_generated|pll1|clk[3] ; -7.623   ; -76.230       ;
; U_PLL|altpll_component|auto_generated|pll1|clk[4] ; -2.867   ; -14.335       ;
; TCK                                               ; 37.971   ; 0.000         ;
; CLK_RISC_V                                        ; 38.480   ; 0.000         ;
; CLK_MCS4_S                                        ; 1324.947 ; 0.000         ;
+---------------------------------------------------+----------+---------------+


+---------------------------------------------------------------------------+
; Slow 1200mV 85C Model Removal Summary                                     ;
+---------------------------------------------------+-------+---------------+
; Clock                                             ; Slack ; End Point TNS ;
+---------------------------------------------------+-------+---------------+
; CLK_RISC_V                                        ; 0.935 ; 0.000         ;
; U_PLL|altpll_component|auto_generated|pll1|clk[4] ; 2.258 ; 0.000         ;
; TCK                                               ; 5.297 ; 0.000         ;
; U_PLL|altpll_component|auto_generated|pll1|clk[3] ; 6.849 ; 0.000         ;
; CLK_MCS4_S                                        ; 7.111 ; 0.000         ;
+---------------------------------------------------+-------+---------------+


+------------------------------------------------------------------------------+
; Slow 1200mV 85C Model Minimum Pulse Width Summary                            ;
+---------------------------------------------------+----------+---------------+
; Clock                                             ; Slack    ; End Point TNS ;
+---------------------------------------------------+----------+---------------+
; CLK50                                             ; 9.701    ; 0.000         ;
; CLK_RISC_V                                        ; 24.663   ; 0.000         ;
; TCK                                               ; 49.675   ; 0.000         ;
; CLK_MCS4_C                                        ; 666.253  ; 0.000         ;
; CLK_MCS4_S                                        ; 666.340  ; 0.000         ;
; U_PLL|altpll_component|auto_generated|pll1|clk[3] ; 666.383  ; 0.000         ;
; U_PLL|altpll_component|auto_generated|pll1|clk[4] ; 666.410  ; 0.000         ;
; POR                                               ; 2499.914 ; 0.000         ;
+---------------------------------------------------+----------+---------------+


-----------------------------------------------
; Slow 1200mV 85C Model Metastability Summary ;
-----------------------------------------------
The design MTBF is not calculated because there are no specified synchronizers in the design.
Number of Synchronizer Chains Found: 31
Shortest Synchronizer Chain: 2 Registers
Fraction of Chains for which MTBFs Could Not be Calculated: 1.000
Worst Case Available Settling Time: 89.569 ns




+-----------------------------------------------------------------------------------------------------------+
; Slow 1200mV 0C Model Fmax Summary                                                                         ;
+------------+-----------------+------------+---------------------------------------------------------------+
; Fmax       ; Restricted Fmax ; Clock Name ; Note                                                          ;
+------------+-----------------+------------+---------------------------------------------------------------+
; 0.99 MHz   ; 0.99 MHz        ; CLK_MCS4_S ;                                                               ;
; 1.73 MHz   ; 1.73 MHz        ; CLK_MCS4_C ;                                                               ;
; 23.03 MHz  ; 23.03 MHz       ; CLK_RISC_V ;                                                               ;
; 41.1 MHz   ; 41.1 MHz        ; TCK        ;                                                               ;
; 343.76 MHz ; 250.0 MHz       ; CLK50      ; limit due to minimum period restriction (max I/O toggle rate) ;
+------------+-----------------+------------+---------------------------------------------------------------+
This panel reports FMAX for every clock in the design, regardless of the user-specified clock periods.  FMAX is only computed for paths where the source and destination registers or ports are driven by the same clock.  Paths of different clocks, including generated clocks, are ignored.  For paths between a clock and its inversion, FMAX is computed as if the rising and falling edges are scaled along with FMAX, such that the duty cycle (in terms of a percentage) is maintained. Altera recommends that you always use clock constraints and other slack reports for sign-off analysis.


+-----------------------------------------------------------------------------+
; Slow 1200mV 0C Model Setup Summary                                          ;
+---------------------------------------------------+---------+---------------+
; Clock                                             ; Slack   ; End Point TNS ;
+---------------------------------------------------+---------+---------------+
; CLK_RISC_V                                        ; 6.572   ; 0.000         ;
; CLK50                                             ; 17.091  ; 0.000         ;
; POR                                               ; 32.673  ; 0.000         ;
; TCK                                               ; 37.836  ; 0.000         ;
; U_PLL|altpll_component|auto_generated|pll1|clk[4] ; 110.136 ; 0.000         ;
; CLK_MCS4_S                                        ; 124.521 ; 0.000         ;
; U_PLL|altpll_component|auto_generated|pll1|clk[3] ; 694.435 ; 0.000         ;
; CLK_MCS4_C                                        ; 754.421 ; 0.000         ;
+---------------------------------------------------+---------+---------------+


+------------------------------------------------------------------------------+
; Slow 1200mV 0C Model Hold Summary                                            ;
+---------------------------------------------------+----------+---------------+
; Clock                                             ; Slack    ; End Point TNS ;
+---------------------------------------------------+----------+---------------+
; CLK_MCS4_S                                        ; 0.304    ; 0.000         ;
; CLK_RISC_V                                        ; 0.305    ; 0.000         ;
; CLK_MCS4_C                                        ; 0.311    ; 0.000         ;
; CLK50                                             ; 0.324    ; 0.000         ;
; TCK                                               ; 0.339    ; 0.000         ;
; POR                                               ; 15.934   ; 0.000         ;
; U_PLL|altpll_component|auto_generated|pll1|clk[3] ; 636.309  ; 0.000         ;
; U_PLL|altpll_component|auto_generated|pll1|clk[4] ; 1206.143 ; 0.000         ;
+---------------------------------------------------+----------+---------------+


+------------------------------------------------------------------------------+
; Slow 1200mV 0C Model Recovery Summary                                        ;
+---------------------------------------------------+----------+---------------+
; Clock                                             ; Slack    ; End Point TNS ;
+---------------------------------------------------+----------+---------------+
; U_PLL|altpll_component|auto_generated|pll1|clk[3] ; -6.881   ; -68.810       ;
; U_PLL|altpll_component|auto_generated|pll1|clk[4] ; -2.342   ; -11.710       ;
; TCK                                               ; 38.568   ; 0.000         ;
; CLK_RISC_V                                        ; 39.448   ; 0.000         ;
; CLK_MCS4_S                                        ; 1325.524 ; 0.000         ;
+---------------------------------------------------+----------+---------------+


+---------------------------------------------------------------------------+
; Slow 1200mV 0C Model Removal Summary                                      ;
+---------------------------------------------------+-------+---------------+
; Clock                                             ; Slack ; End Point TNS ;
+---------------------------------------------------+-------+---------------+
; CLK_RISC_V                                        ; 0.860 ; 0.000         ;
; U_PLL|altpll_component|auto_generated|pll1|clk[4] ; 1.810 ; 0.000         ;
; TCK                                               ; 4.831 ; 0.000         ;
; U_PLL|altpll_component|auto_generated|pll1|clk[3] ; 5.839 ; 0.000         ;
; CLK_MCS4_S                                        ; 6.387 ; 0.000         ;
+---------------------------------------------------+-------+---------------+


+------------------------------------------------------------------------------+
; Slow 1200mV 0C Model Minimum Pulse Width Summary                             ;
+---------------------------------------------------+----------+---------------+
; Clock                                             ; Slack    ; End Point TNS ;
+---------------------------------------------------+----------+---------------+
; CLK50                                             ; 9.720    ; 0.000         ;
; CLK_RISC_V                                        ; 24.683   ; 0.000         ;
; TCK                                               ; 49.695   ; 0.000         ;
; CLK_MCS4_S                                        ; 666.297  ; 0.000         ;
; U_PLL|altpll_component|auto_generated|pll1|clk[3] ; 666.362  ; 0.000         ;
; U_PLL|altpll_component|auto_generated|pll1|clk[4] ; 666.378  ; 0.000         ;
; CLK_MCS4_C                                        ; 666.429  ; 0.000         ;
; POR                                               ; 2499.922 ; 0.000         ;
+---------------------------------------------------+----------+---------------+


----------------------------------------------
; Slow 1200mV 0C Model Metastability Summary ;
----------------------------------------------
The design MTBF is not calculated because there are no specified synchronizers in the design.
Number of Synchronizer Chains Found: 31
Shortest Synchronizer Chain: 2 Registers
Fraction of Chains for which MTBFs Could Not be Calculated: 1.000
Worst Case Available Settling Time: 90.400 ns




+-----------------------------------------------------------------------------+
; Fast 1200mV 0C Model Setup Summary                                          ;
+---------------------------------------------------+---------+---------------+
; Clock                                             ; Slack   ; End Point TNS ;
+---------------------------------------------------+---------+---------------+
; CLK50                                             ; 18.670  ; 0.000         ;
; CLK_RISC_V                                        ; 21.018  ; 0.000         ;
; POR                                               ; 35.927  ; 0.000         ;
; TCK                                               ; 40.200  ; 0.000         ;
; U_PLL|altpll_component|auto_generated|pll1|clk[4] ; 121.026 ; 0.000         ;
; CLK_MCS4_S                                        ; 129.025 ; 0.000         ;
; U_PLL|altpll_component|auto_generated|pll1|clk[3] ; 697.006 ; 0.000         ;
; CLK_MCS4_C                                        ; 791.749 ; 0.000         ;
+---------------------------------------------------+---------+---------------+


+------------------------------------------------------------------------------+
; Fast 1200mV 0C Model Hold Summary                                            ;
+---------------------------------------------------+----------+---------------+
; Clock                                             ; Slack    ; End Point TNS ;
+---------------------------------------------------+----------+---------------+
; CLK_MCS4_S                                        ; 0.147    ; 0.000         ;
; CLK_RISC_V                                        ; 0.147    ; 0.000         ;
; CLK_MCS4_C                                        ; 0.152    ; 0.000         ;
; CLK50                                             ; 0.153    ; 0.000         ;
; TCK                                               ; 0.156    ; 0.000         ;
; POR                                               ; 12.878   ; 0.000         ;
; U_PLL|altpll_component|auto_generated|pll1|clk[3] ; 634.730  ; 0.000         ;
; U_PLL|altpll_component|auto_generated|pll1|clk[4] ; 1203.204 ; 0.000         ;
+---------------------------------------------------+----------+---------------+


+------------------------------------------------------------------------------+
; Fast 1200mV 0C Model Recovery Summary                                        ;
+---------------------------------------------------+----------+---------------+
; Clock                                             ; Slack    ; End Point TNS ;
+---------------------------------------------------+----------+---------------+
; U_PLL|altpll_component|auto_generated|pll1|clk[3] ; -3.742   ; -37.420       ;
; U_PLL|altpll_component|auto_generated|pll1|clk[4] ; -1.405   ; -7.025        ;
; TCK                                               ; 41.680   ; 0.000         ;
; CLK_RISC_V                                        ; 44.502   ; 0.000         ;
; CLK_MCS4_S                                        ; 1329.183 ; 0.000         ;
+---------------------------------------------------+----------+---------------+


+---------------------------------------------------------------------------+
; Fast 1200mV 0C Model Removal Summary                                      ;
+---------------------------------------------------+-------+---------------+
; Clock                                             ; Slack ; End Point TNS ;
+---------------------------------------------------+-------+---------------+
; CLK_RISC_V                                        ; 0.406 ; 0.000         ;
; U_PLL|altpll_component|auto_generated|pll1|clk[4] ; 0.941 ; 0.000         ;
; TCK                                               ; 2.445 ; 0.000         ;
; U_PLL|altpll_component|auto_generated|pll1|clk[3] ; 2.933 ; 0.000         ;
; CLK_MCS4_S                                        ; 3.325 ; 0.000         ;
+---------------------------------------------------+-------+---------------+


+------------------------------------------------------------------------------+
; Fast 1200mV 0C Model Minimum Pulse Width Summary                             ;
+---------------------------------------------------+----------+---------------+
; Clock                                             ; Slack    ; End Point TNS ;
+---------------------------------------------------+----------+---------------+
; CLK50                                             ; 9.472    ; 0.000         ;
; CLK_RISC_V                                        ; 24.710   ; 0.000         ;
; TCK                                               ; 49.382   ; 0.000         ;
; CLK_MCS4_C                                        ; 665.875  ; 0.000         ;
; CLK_MCS4_S                                        ; 666.331  ; 0.000         ;
; U_PLL|altpll_component|auto_generated|pll1|clk[4] ; 666.439  ; 0.000         ;
; U_PLL|altpll_component|auto_generated|pll1|clk[3] ; 666.450  ; 0.000         ;
; POR                                               ; 2499.962 ; 0.000         ;
+---------------------------------------------------+----------+---------------+


----------------------------------------------
; Fast 1200mV 0C Model Metastability Summary ;
----------------------------------------------
The design MTBF is not calculated because there are no specified synchronizers in the design.
Number of Synchronizer Chains Found: 31
Shortest Synchronizer Chain: 2 Registers
Fraction of Chains for which MTBFs Could Not be Calculated: 1.000
Worst Case Available Settling Time: 95.166 ns




+--------------------------------------------------------------------------------------------------------------------+
; Multicorner Timing Analysis Summary                                                                                ;
+----------------------------------------------------+---------+----------+----------+---------+---------------------+
; Clock                                              ; Setup   ; Hold     ; Recovery ; Removal ; Minimum Pulse Width ;
+----------------------------------------------------+---------+----------+----------+---------+---------------------+
; Worst-case Slack                                   ; 2.802   ; 0.147    ; -7.623   ; 0.406   ; 9.472               ;
;  CLK50                                             ; 16.842  ; 0.153    ; N/A      ; N/A     ; 9.472               ;
;  CLK_MCS4_C                                        ; 749.167 ; 0.152    ; N/A      ; N/A     ; 665.875             ;
;  CLK_MCS4_S                                        ; 124.354 ; 0.147    ; 1324.947 ; 3.325   ; 666.297             ;
;  CLK_RISC_V                                        ; 2.802   ; 0.147    ; 38.480   ; 0.406   ; 24.663              ;
;  POR                                               ; 31.917  ; 12.878   ; N/A      ; N/A     ; 2499.914            ;
;  TCK                                               ; 37.111  ; 0.156    ; 37.971   ; 2.445   ; 49.382              ;
;  U_PLL|altpll_component|auto_generated|pll1|clk[3] ; 693.692 ; 634.730  ; -7.623   ; 2.933   ; 666.362             ;
;  U_PLL|altpll_component|auto_generated|pll1|clk[4] ; 108.227 ; 1203.204 ; -2.867   ; 0.941   ; 666.378             ;
; Design-wide TNS                                    ; 0.0     ; 0.0      ; -90.565  ; 0.0     ; 0.0                 ;
;  CLK50                                             ; 0.000   ; 0.000    ; N/A      ; N/A     ; 0.000               ;
;  CLK_MCS4_C                                        ; 0.000   ; 0.000    ; N/A      ; N/A     ; 0.000               ;
;  CLK_MCS4_S                                        ; 0.000   ; 0.000    ; 0.000    ; 0.000   ; 0.000               ;
;  CLK_RISC_V                                        ; 0.000   ; 0.000    ; 0.000    ; 0.000   ; 0.000               ;
;  POR                                               ; 0.000   ; 0.000    ; N/A      ; N/A     ; 0.000               ;
;  TCK                                               ; 0.000   ; 0.000    ; 0.000    ; 0.000   ; 0.000               ;
;  U_PLL|altpll_component|auto_generated|pll1|clk[3] ; 0.000   ; 0.000    ; -76.230  ; 0.000   ; 0.000               ;
;  U_PLL|altpll_component|auto_generated|pll1|clk[4] ; 0.000   ; 0.000    ; -14.335  ; 0.000   ; 0.000               ;
+----------------------------------------------------+---------+----------+----------+---------+---------------------+


+-----------------------------------------------------------------------------------------------------------------------------------------------------------------------------------------------------------------------------------------------------------------------------------------------------------------------------------------------------------------------------------------------------------------------+
; Board Trace Model Assignments                                                                                                                                                                                                                                                                                                                                                                                         ;
+--------------------+--------------+-------------------+-------------------------+-------------------------+---------------+---------------------+----------------+------------------+--------+------------------+------------------------+------------------------+--------------+---------------+-----------------+-------+---------------------+--------------------+---------------+-----------------+-------------+
; Pin                ; I/O Standard ; Near Tline Length ; Near Tline L per Length ; Near Tline C per Length ; Near Series R ; Near Differential R ; Near Pull-up R ; Near Pull-down R ; Near C ; Far Tline Length ; Far Tline L per Length ; Far Tline C per Length ; Far Series R ; Far Pull-up R ; Far Pull-down R ; Far C ; Termination Voltage ; Far Differential R ; EBD File Name ; EBD Signal Name ; EBD Far-end ;
+--------------------+--------------+-------------------+-------------------------+-------------------------+---------------+---------------------+----------------+------------------+--------+------------------+------------------------+------------------------+--------------+---------------+-----------------+-------+---------------------+--------------------+---------------+-----------------+-------------+
; RESOUT_N           ; 2.5 V        ; 0 in              ; 0 H/in                  ; 0 F/in                  ; short         ; -                   ; open           ; open             ; open   ; 0 in             ; 0 H/in                 ; 0 F/in                 ; short        ; open          ; open            ; open  ; 0 V                 ; -                  ; n/a           ; n/a             ; n/a         ;
; TDO                ; 2.5 V        ; 0 in              ; 0 H/in                  ; 0 F/in                  ; short         ; -                   ; open           ; open             ; open   ; 0 in             ; 0 H/in                 ; 0 F/in                 ; short        ; open          ; open            ; open  ; 0 V                 ; -                  ; n/a           ; n/a             ; n/a         ;
; TXD                ; 2.5 V        ; 0 in              ; 0 H/in                  ; 0 F/in                  ; short         ; -                   ; open           ; open             ; open   ; 0 in             ; 0 H/in                 ; 0 F/in                 ; short        ; open          ; open            ; open  ; 0 V                 ; -                  ; n/a           ; n/a             ; n/a         ;
; I2C0_ENA           ; 2.5 V        ; 0 in              ; 0 H/in                  ; 0 F/in                  ; short         ; -                   ; open           ; open             ; open   ; 0 in             ; 0 H/in                 ; 0 F/in                 ; short        ; open          ; open            ; open  ; 0 V                 ; -                  ; n/a           ; n/a             ; n/a         ;
; I2C0_ADR           ; 2.5 V        ; 0 in              ; 0 H/in                  ; 0 F/in                  ; short         ; -                   ; open           ; open             ; open   ; 0 in             ; 0 H/in                 ; 0 F/in                 ; short        ; open          ; open            ; open  ; 0 V                 ; -                  ; n/a           ; n/a             ; n/a         ;
; SPI_CSN[0]         ; 2.5 V        ; 0 in              ; 0 H/in                  ; 0 F/in                  ; short         ; -                   ; open           ; open             ; open   ; 0 in             ; 0 H/in                 ; 0 F/in                 ; short        ; open          ; open            ; open  ; 0 V                 ; -                  ; n/a           ; n/a             ; n/a         ;
; SPI_CSN[1]         ; 2.5 V        ; 0 in              ; 0 H/in                  ; 0 F/in                  ; short         ; -                   ; open           ; open             ; open   ; 0 in             ; 0 H/in                 ; 0 F/in                 ; short        ; open          ; open            ; open  ; 0 V                 ; -                  ; n/a           ; n/a             ; n/a         ;
; SPI_CSN[2]         ; 2.5 V        ; 0 in              ; 0 H/in                  ; 0 F/in                  ; short         ; -                   ; open           ; open             ; open   ; 0 in             ; 0 H/in                 ; 0 F/in                 ; short        ; open          ; open            ; open  ; 0 V                 ; -                  ; n/a           ; n/a             ; n/a         ;
; SPI_CSN[3]         ; 2.5 V        ; 0 in              ; 0 H/in                  ; 0 F/in                  ; short         ; -                   ; open           ; open             ; open   ; 0 in             ; 0 H/in                 ; 0 F/in                 ; short        ; open          ; open            ; open  ; 0 V                 ; -                  ; n/a           ; n/a             ; n/a         ;
; SPI_SCK            ; 2.5 V        ; 0 in              ; 0 H/in                  ; 0 F/in                  ; short         ; -                   ; open           ; open             ; open   ; 0 in             ; 0 H/in                 ; 0 F/in                 ; short        ; open          ; open            ; open  ; 0 V                 ; -                  ; n/a           ; n/a             ; n/a         ;
; SPI_MOSI           ; 2.5 V        ; 0 in              ; 0 H/in                  ; 0 F/in                  ; short         ; -                   ; open           ; open             ; open   ; 0 in             ; 0 H/in                 ; 0 F/in                 ; short        ; open          ; open            ; open  ; 0 V                 ; -                  ; n/a           ; n/a             ; n/a         ;
; SDRAM_CLK          ; 2.5 V        ; 0 in              ; 0 H/in                  ; 0 F/in                  ; short         ; -                   ; open           ; open             ; open   ; 0 in             ; 0 H/in                 ; 0 F/in                 ; short        ; open          ; open            ; open  ; 0 V                 ; -                  ; n/a           ; n/a             ; n/a         ;
; SDRAM_CKE          ; 2.5 V        ; 0 in              ; 0 H/in                  ; 0 F/in                  ; short         ; -                   ; open           ; open             ; open   ; 0 in             ; 0 H/in                 ; 0 F/in                 ; short        ; open          ; open            ; open  ; 0 V                 ; -                  ; n/a           ; n/a             ; n/a         ;
; SDRAM_CSn          ; 2.5 V        ; 0 in              ; 0 H/in                  ; 0 F/in                  ; short         ; -                   ; open           ; open             ; open   ; 0 in             ; 0 H/in                 ; 0 F/in                 ; short        ; open          ; open            ; open  ; 0 V                 ; -                  ; n/a           ; n/a             ; n/a         ;
; SDRAM_DQM[0]       ; 2.5 V        ; 0 in              ; 0 H/in                  ; 0 F/in                  ; short         ; -                   ; open           ; open             ; open   ; 0 in             ; 0 H/in                 ; 0 F/in                 ; short        ; open          ; open            ; open  ; 0 V                 ; -                  ; n/a           ; n/a             ; n/a         ;
; SDRAM_DQM[1]       ; 2.5 V        ; 0 in              ; 0 H/in                  ; 0 F/in                  ; short         ; -                   ; open           ; open             ; open   ; 0 in             ; 0 H/in                 ; 0 F/in                 ; short        ; open          ; open            ; open  ; 0 V                 ; -                  ; n/a           ; n/a             ; n/a         ;
; SDRAM_RASn         ; 2.5 V        ; 0 in              ; 0 H/in                  ; 0 F/in                  ; short         ; -                   ; open           ; open             ; open   ; 0 in             ; 0 H/in                 ; 0 F/in                 ; short        ; open          ; open            ; open  ; 0 V                 ; -                  ; n/a           ; n/a             ; n/a         ;
; SDRAM_CASn         ; 2.5 V        ; 0 in              ; 0 H/in                  ; 0 F/in                  ; short         ; -                   ; open           ; open             ; open   ; 0 in             ; 0 H/in                 ; 0 F/in                 ; short        ; open          ; open            ; open  ; 0 V                 ; -                  ; n/a           ; n/a             ; n/a         ;
; SDRAM_WEn          ; 2.5 V        ; 0 in              ; 0 H/in                  ; 0 F/in                  ; short         ; -                   ; open           ; open             ; open   ; 0 in             ; 0 H/in                 ; 0 F/in                 ; short        ; open          ; open            ; open  ; 0 V                 ; -                  ; n/a           ; n/a             ; n/a         ;
; SDRAM_BA[0]        ; 2.5 V        ; 0 in              ; 0 H/in                  ; 0 F/in                  ; short         ; -                   ; open           ; open             ; open   ; 0 in             ; 0 H/in                 ; 0 F/in                 ; short        ; open          ; open            ; open  ; 0 V                 ; -                  ; n/a           ; n/a             ; n/a         ;
; SDRAM_BA[1]        ; 2.5 V        ; 0 in              ; 0 H/in                  ; 0 F/in                  ; short         ; -                   ; open           ; open             ; open   ; 0 in             ; 0 H/in                 ; 0 F/in                 ; short        ; open          ; open            ; open  ; 0 V                 ; -                  ; n/a           ; n/a             ; n/a         ;
; SDRAM_ADDR[0]      ; 2.5 V        ; 0 in              ; 0 H/in                  ; 0 F/in                  ; short         ; -                   ; open           ; open             ; open   ; 0 in             ; 0 H/in                 ; 0 F/in                 ; short        ; open          ; open            ; open  ; 0 V                 ; -                  ; n/a           ; n/a             ; n/a         ;
; SDRAM_ADDR[1]      ; 2.5 V        ; 0 in              ; 0 H/in                  ; 0 F/in                  ; short         ; -                   ; open           ; open             ; open   ; 0 in             ; 0 H/in                 ; 0 F/in                 ; short        ; open          ; open            ; open  ; 0 V                 ; -                  ; n/a           ; n/a             ; n/a         ;
; SDRAM_ADDR[2]      ; 2.5 V        ; 0 in              ; 0 H/in                  ; 0 F/in                  ; short         ; -                   ; open           ; open             ; open   ; 0 in             ; 0 H/in                 ; 0 F/in                 ; short        ; open          ; open            ; open  ; 0 V                 ; -                  ; n/a           ; n/a             ; n/a         ;
; SDRAM_ADDR[3]      ; 2.5 V        ; 0 in              ; 0 H/in                  ; 0 F/in                  ; short         ; -                   ; open           ; open             ; open   ; 0 in             ; 0 H/in                 ; 0 F/in                 ; short        ; open          ; open            ; open  ; 0 V                 ; -                  ; n/a           ; n/a             ; n/a         ;
; SDRAM_ADDR[4]      ; 2.5 V        ; 0 in              ; 0 H/in                  ; 0 F/in                  ; short         ; -                   ; open           ; open             ; open   ; 0 in             ; 0 H/in                 ; 0 F/in                 ; short        ; open          ; open            ; open  ; 0 V                 ; -                  ; n/a           ; n/a             ; n/a         ;
; SDRAM_ADDR[5]      ; 2.5 V        ; 0 in              ; 0 H/in                  ; 0 F/in                  ; short         ; -                   ; open           ; open             ; open   ; 0 in             ; 0 H/in                 ; 0 F/in                 ; short        ; open          ; open            ; open  ; 0 V                 ; -                  ; n/a           ; n/a             ; n/a         ;
; SDRAM_ADDR[6]      ; 2.5 V        ; 0 in              ; 0 H/in                  ; 0 F/in                  ; short         ; -                   ; open           ; open             ; open   ; 0 in             ; 0 H/in                 ; 0 F/in                 ; short        ; open          ; open            ; open  ; 0 V                 ; -                  ; n/a           ; n/a             ; n/a         ;
; SDRAM_ADDR[7]      ; 2.5 V        ; 0 in              ; 0 H/in                  ; 0 F/in                  ; short         ; -                   ; open           ; open             ; open   ; 0 in             ; 0 H/in                 ; 0 F/in                 ; short        ; open          ; open            ; open  ; 0 V                 ; -                  ; n/a           ; n/a             ; n/a         ;
; SDRAM_ADDR[8]      ; 2.5 V        ; 0 in              ; 0 H/in                  ; 0 F/in                  ; short         ; -                   ; open           ; open             ; open   ; 0 in             ; 0 H/in                 ; 0 F/in                 ; short        ; open          ; open            ; open  ; 0 V                 ; -                  ; n/a           ; n/a             ; n/a         ;
; SDRAM_ADDR[9]      ; 2.5 V        ; 0 in              ; 0 H/in                  ; 0 F/in                  ; short         ; -                   ; open           ; open             ; open   ; 0 in             ; 0 H/in                 ; 0 F/in                 ; short        ; open          ; open            ; open  ; 0 V                 ; -                  ; n/a           ; n/a             ; n/a         ;
; SDRAM_ADDR[10]     ; 2.5 V        ; 0 in              ; 0 H/in                  ; 0 F/in                  ; short         ; -                   ; open           ; open             ; open   ; 0 in             ; 0 H/in                 ; 0 F/in                 ; short        ; open          ; open            ; open  ; 0 V                 ; -                  ; n/a           ; n/a             ; n/a         ;
; SDRAM_ADDR[11]     ; 2.5 V        ; 0 in              ; 0 H/in                  ; 0 F/in                  ; short         ; -                   ; open           ; open             ; open   ; 0 in             ; 0 H/in                 ; 0 F/in                 ; short        ; open          ; open            ; open  ; 0 V                 ; -                  ; n/a           ; n/a             ; n/a         ;
; SDRAM_ADDR[12]     ; 2.5 V        ; 0 in              ; 0 H/in                  ; 0 F/in                  ; short         ; -                   ; open           ; open             ; open   ; 0 in             ; 0 H/in                 ; 0 F/in                 ; short        ; open          ; open            ; open  ; 0 V                 ; -                  ; n/a           ; n/a             ; n/a         ;
; S_MCS4_CLK         ; 2.5 V        ; 0 in              ; 0 H/in                  ; 0 F/in                  ; short         ; -                   ; open           ; open             ; open   ; 0 in             ; 0 H/in                 ; 0 F/in                 ; short        ; open          ; open            ; open  ; 0 V                 ; -                  ; n/a           ; n/a             ; n/a         ;
; S_MCS4_RES_N       ; 2.5 V        ; 0 in              ; 0 H/in                  ; 0 F/in                  ; short         ; -                   ; open           ; open             ; open   ; 0 in             ; 0 H/in                 ; 0 F/in                 ; short        ; open          ; open            ; open  ; 0 V                 ; -                  ; n/a           ; n/a             ; n/a         ;
; S_MCS4_TEST        ; 2.5 V        ; 0 in              ; 0 H/in                  ; 0 F/in                  ; short         ; -                   ; open           ; open             ; open   ; 0 in             ; 0 H/in                 ; 0 F/in                 ; short        ; open          ; open            ; open  ; 0 V                 ; -                  ; n/a           ; n/a             ; n/a         ;
; C_MCS4_SYNC_N      ; 2.5 V        ; 0 in              ; 0 H/in                  ; 0 F/in                  ; short         ; -                   ; open           ; open             ; open   ; 0 in             ; 0 H/in                 ; 0 F/in                 ; short        ; open          ; open            ; open  ; 0 V                 ; -                  ; n/a           ; n/a             ; n/a         ;
; C_MCS4_CM_ROM_N    ; 2.5 V        ; 0 in              ; 0 H/in                  ; 0 F/in                  ; short         ; -                   ; open           ; open             ; open   ; 0 in             ; 0 H/in                 ; 0 F/in                 ; short        ; open          ; open            ; open  ; 0 V                 ; -                  ; n/a           ; n/a             ; n/a         ;
; C_MCS4_CM_RAM_N[0] ; 2.5 V        ; 0 in              ; 0 H/in                  ; 0 F/in                  ; short         ; -                   ; open           ; open             ; open   ; 0 in             ; 0 H/in                 ; 0 F/in                 ; short        ; open          ; open            ; open  ; 0 V                 ; -                  ; n/a           ; n/a             ; n/a         ;
; C_MCS4_CM_RAM_N[1] ; 2.5 V        ; 0 in              ; 0 H/in                  ; 0 F/in                  ; short         ; -                   ; open           ; open             ; open   ; 0 in             ; 0 H/in                 ; 0 F/in                 ; short        ; open          ; open            ; open  ; 0 V                 ; -                  ; n/a           ; n/a             ; n/a         ;
; C_MCS4_CM_RAM_N[2] ; 2.5 V        ; 0 in              ; 0 H/in                  ; 0 F/in                  ; short         ; -                   ; open           ; open             ; open   ; 0 in             ; 0 H/in                 ; 0 F/in                 ; short        ; open          ; open            ; open  ; 0 V                 ; -                  ; n/a           ; n/a             ; n/a         ;
; C_MCS4_CM_RAM_N[3] ; 2.5 V        ; 0 in              ; 0 H/in                  ; 0 F/in                  ; short         ; -                   ; open           ; open             ; open   ; 0 in             ; 0 H/in                 ; 0 F/in                 ; short        ; open          ; open            ; open  ; 0 V                 ; -                  ; n/a           ; n/a             ; n/a         ;
; GPIO0[0]           ; 2.5 V        ; 0 in              ; 0 H/in                  ; 0 F/in                  ; short         ; -                   ; open           ; open             ; open   ; 0 in             ; 0 H/in                 ; 0 F/in                 ; short        ; open          ; open            ; open  ; 0 V                 ; -                  ; n/a           ; n/a             ; n/a         ;
; GPIO0[1]           ; 2.5 V        ; 0 in              ; 0 H/in                  ; 0 F/in                  ; short         ; -                   ; open           ; open             ; open   ; 0 in             ; 0 H/in                 ; 0 F/in                 ; short        ; open          ; open            ; open  ; 0 V                 ; -                  ; n/a           ; n/a             ; n/a         ;
; GPIO0[2]           ; 2.5 V        ; 0 in              ; 0 H/in                  ; 0 F/in                  ; short         ; -                   ; open           ; open             ; open   ; 0 in             ; 0 H/in                 ; 0 F/in                 ; short        ; open          ; open            ; open  ; 0 V                 ; -                  ; n/a           ; n/a             ; n/a         ;
; GPIO0[3]           ; 2.5 V        ; 0 in              ; 0 H/in                  ; 0 F/in                  ; short         ; -                   ; open           ; open             ; open   ; 0 in             ; 0 H/in                 ; 0 F/in                 ; short        ; open          ; open            ; open  ; 0 V                 ; -                  ; n/a           ; n/a             ; n/a         ;
; GPIO0[4]           ; 2.5 V        ; 0 in              ; 0 H/in                  ; 0 F/in                  ; short         ; -                   ; open           ; open             ; open   ; 0 in             ; 0 H/in                 ; 0 F/in                 ; short        ; open          ; open            ; open  ; 0 V                 ; -                  ; n/a           ; n/a             ; n/a         ;
; GPIO0[5]           ; 2.5 V        ; 0 in              ; 0 H/in                  ; 0 F/in                  ; short         ; -                   ; open           ; open             ; open   ; 0 in             ; 0 H/in                 ; 0 F/in                 ; short        ; open          ; open            ; open  ; 0 V                 ; -                  ; n/a           ; n/a             ; n/a         ;
; GPIO0[6]           ; 2.5 V        ; 0 in              ; 0 H/in                  ; 0 F/in                  ; short         ; -                   ; open           ; open             ; open   ; 0 in             ; 0 H/in                 ; 0 F/in                 ; short        ; open          ; open            ; open  ; 0 V                 ; -                  ; n/a           ; n/a             ; n/a         ;
; GPIO0[7]           ; 2.5 V        ; 0 in              ; 0 H/in                  ; 0 F/in                  ; short         ; -                   ; open           ; open             ; open   ; 0 in             ; 0 H/in                 ; 0 F/in                 ; short        ; open          ; open            ; open  ; 0 V                 ; -                  ; n/a           ; n/a             ; n/a         ;
; GPIO0[8]           ; 2.5 V        ; 0 in              ; 0 H/in                  ; 0 F/in                  ; short         ; -                   ; open           ; open             ; open   ; 0 in             ; 0 H/in                 ; 0 F/in                 ; short        ; open          ; open            ; open  ; 0 V                 ; -                  ; n/a           ; n/a             ; n/a         ;
; GPIO0[9]           ; 2.5 V        ; 0 in              ; 0 H/in                  ; 0 F/in                  ; short         ; -                   ; open           ; open             ; open   ; 0 in             ; 0 H/in                 ; 0 F/in                 ; short        ; open          ; open            ; open  ; 0 V                 ; -                  ; n/a           ; n/a             ; n/a         ;
; GPIO0[10]          ; 2.5 V        ; 0 in              ; 0 H/in                  ; 0 F/in                  ; short         ; -                   ; open           ; open             ; open   ; 0 in             ; 0 H/in                 ; 0 F/in                 ; short        ; open          ; open            ; open  ; 0 V                 ; -                  ; n/a           ; n/a             ; n/a         ;
; GPIO0[11]          ; 2.5 V        ; 0 in              ; 0 H/in                  ; 0 F/in                  ; short         ; -                   ; open           ; open             ; open   ; 0 in             ; 0 H/in                 ; 0 F/in                 ; short        ; open          ; open            ; open  ; 0 V                 ; -                  ; n/a           ; n/a             ; n/a         ;
; GPIO0[12]          ; 2.5 V        ; 0 in              ; 0 H/in                  ; 0 F/in                  ; short         ; -                   ; open           ; open             ; open   ; 0 in             ; 0 H/in                 ; 0 F/in                 ; short        ; open          ; open            ; open  ; 0 V                 ; -                  ; n/a           ; n/a             ; n/a         ;
; GPIO0[13]          ; 2.5 V        ; 0 in              ; 0 H/in                  ; 0 F/in                  ; short         ; -                   ; open           ; open             ; open   ; 0 in             ; 0 H/in                 ; 0 F/in                 ; short        ; open          ; open            ; open  ; 0 V                 ; -                  ; n/a           ; n/a             ; n/a         ;
; GPIO0[14]          ; 2.5 V        ; 0 in              ; 0 H/in                  ; 0 F/in                  ; short         ; -                   ; open           ; open             ; open   ; 0 in             ; 0 H/in                 ; 0 F/in                 ; short        ; open          ; open            ; open  ; 0 V                 ; -                  ; n/a           ; n/a             ; n/a         ;
; GPIO0[15]          ; 2.5 V        ; 0 in              ; 0 H/in                  ; 0 F/in                  ; short         ; -                   ; open           ; open             ; open   ; 0 in             ; 0 H/in                 ; 0 F/in                 ; short        ; open          ; open            ; open  ; 0 V                 ; -                  ; n/a           ; n/a             ; n/a         ;
; GPIO0[16]          ; 2.5 V        ; 0 in              ; 0 H/in                  ; 0 F/in                  ; short         ; -                   ; open           ; open             ; open   ; 0 in             ; 0 H/in                 ; 0 F/in                 ; short        ; open          ; open            ; open  ; 0 V                 ; -                  ; n/a           ; n/a             ; n/a         ;
; GPIO0[17]          ; 2.5 V        ; 0 in              ; 0 H/in                  ; 0 F/in                  ; short         ; -                   ; open           ; open             ; open   ; 0 in             ; 0 H/in                 ; 0 F/in                 ; short        ; open          ; open            ; open  ; 0 V                 ; -                  ; n/a           ; n/a             ; n/a         ;
; GPIO0[18]          ; 2.5 V        ; 0 in              ; 0 H/in                  ; 0 F/in                  ; short         ; -                   ; open           ; open             ; open   ; 0 in             ; 0 H/in                 ; 0 F/in                 ; short        ; open          ; open            ; open  ; 0 V                 ; -                  ; n/a           ; n/a             ; n/a         ;
; GPIO0[19]          ; 2.5 V        ; 0 in              ; 0 H/in                  ; 0 F/in                  ; short         ; -                   ; open           ; open             ; open   ; 0 in             ; 0 H/in                 ; 0 F/in                 ; short        ; open          ; open            ; open  ; 0 V                 ; -                  ; n/a           ; n/a             ; n/a         ;
; GPIO0[20]          ; 2.5 V        ; 0 in              ; 0 H/in                  ; 0 F/in                  ; short         ; -                   ; open           ; open             ; open   ; 0 in             ; 0 H/in                 ; 0 F/in                 ; short        ; open          ; open            ; open  ; 0 V                 ; -                  ; n/a           ; n/a             ; n/a         ;
; GPIO0[21]          ; 2.5 V        ; 0 in              ; 0 H/in                  ; 0 F/in                  ; short         ; -                   ; open           ; open             ; open   ; 0 in             ; 0 H/in                 ; 0 F/in                 ; short        ; open          ; open            ; open  ; 0 V                 ; -                  ; n/a           ; n/a             ; n/a         ;
; GPIO0[22]          ; 2.5 V        ; 0 in              ; 0 H/in                  ; 0 F/in                  ; short         ; -                   ; open           ; open             ; open   ; 0 in             ; 0 H/in                 ; 0 F/in                 ; short        ; open          ; open            ; open  ; 0 V                 ; -                  ; n/a           ; n/a             ; n/a         ;
; GPIO0[23]          ; 2.5 V        ; 0 in              ; 0 H/in                  ; 0 F/in                  ; short         ; -                   ; open           ; open             ; open   ; 0 in             ; 0 H/in                 ; 0 F/in                 ; short        ; open          ; open            ; open  ; 0 V                 ; -                  ; n/a           ; n/a             ; n/a         ;
; GPIO0[24]          ; 2.5 V        ; 0 in              ; 0 H/in                  ; 0 F/in                  ; short         ; -                   ; open           ; open             ; open   ; 0 in             ; 0 H/in                 ; 0 F/in                 ; short        ; open          ; open            ; open  ; 0 V                 ; -                  ; n/a           ; n/a             ; n/a         ;
; GPIO0[25]          ; 2.5 V        ; 0 in              ; 0 H/in                  ; 0 F/in                  ; short         ; -                   ; open           ; open             ; open   ; 0 in             ; 0 H/in                 ; 0 F/in                 ; short        ; open          ; open            ; open  ; 0 V                 ; -                  ; n/a           ; n/a             ; n/a         ;
; GPIO0[26]          ; 2.5 V        ; 0 in              ; 0 H/in                  ; 0 F/in                  ; short         ; -                   ; open           ; open             ; open   ; 0 in             ; 0 H/in                 ; 0 F/in                 ; short        ; open          ; open            ; open  ; 0 V                 ; -                  ; n/a           ; n/a             ; n/a         ;
; GPIO0[27]          ; 2.5 V        ; 0 in              ; 0 H/in                  ; 0 F/in                  ; short         ; -                   ; open           ; open             ; open   ; 0 in             ; 0 H/in                 ; 0 F/in                 ; short        ; open          ; open            ; open  ; 0 V                 ; -                  ; n/a           ; n/a             ; n/a         ;
; GPIO0[28]          ; 2.5 V        ; 0 in              ; 0 H/in                  ; 0 F/in                  ; short         ; -                   ; open           ; open             ; open   ; 0 in             ; 0 H/in                 ; 0 F/in                 ; short        ; open          ; open            ; open  ; 0 V                 ; -                  ; n/a           ; n/a             ; n/a         ;
; GPIO0[29]          ; 2.5 V        ; 0 in              ; 0 H/in                  ; 0 F/in                  ; short         ; -                   ; open           ; open             ; open   ; 0 in             ; 0 H/in                 ; 0 F/in                 ; short        ; open          ; open            ; open  ; 0 V                 ; -                  ; n/a           ; n/a             ; n/a         ;
; GPIO0[30]          ; 2.5 V        ; 0 in              ; 0 H/in                  ; 0 F/in                  ; short         ; -                   ; open           ; open             ; open   ; 0 in             ; 0 H/in                 ; 0 F/in                 ; short        ; open          ; open            ; open  ; 0 V                 ; -                  ; n/a           ; n/a             ; n/a         ;
; GPIO0[31]          ; 2.5 V        ; 0 in              ; 0 H/in                  ; 0 F/in                  ; short         ; -                   ; open           ; open             ; open   ; 0 in             ; 0 H/in                 ; 0 F/in                 ; short        ; open          ; open            ; open  ; 0 V                 ; -                  ; n/a           ; n/a             ; n/a         ;
; GPIO1[0]           ; 2.5 V        ; 0 in              ; 0 H/in                  ; 0 F/in                  ; short         ; -                   ; open           ; open             ; open   ; 0 in             ; 0 H/in                 ; 0 F/in                 ; short        ; open          ; open            ; open  ; 0 V                 ; -                  ; n/a           ; n/a             ; n/a         ;
; GPIO1[1]           ; 2.5 V        ; 0 in              ; 0 H/in                  ; 0 F/in                  ; short         ; -                   ; open           ; open             ; open   ; 0 in             ; 0 H/in                 ; 0 F/in                 ; short        ; open          ; open            ; open  ; 0 V                 ; -                  ; n/a           ; n/a             ; n/a         ;
; GPIO1[2]           ; 2.5 V        ; 0 in              ; 0 H/in                  ; 0 F/in                  ; short         ; -                   ; open           ; open             ; open   ; 0 in             ; 0 H/in                 ; 0 F/in                 ; short        ; open          ; open            ; open  ; 0 V                 ; -                  ; n/a           ; n/a             ; n/a         ;
; GPIO1[3]           ; 2.5 V        ; 0 in              ; 0 H/in                  ; 0 F/in                  ; short         ; -                   ; open           ; open             ; open   ; 0 in             ; 0 H/in                 ; 0 F/in                 ; short        ; open          ; open            ; open  ; 0 V                 ; -                  ; n/a           ; n/a             ; n/a         ;
; GPIO1[4]           ; 2.5 V        ; 0 in              ; 0 H/in                  ; 0 F/in                  ; short         ; -                   ; open           ; open             ; open   ; 0 in             ; 0 H/in                 ; 0 F/in                 ; short        ; open          ; open            ; open  ; 0 V                 ; -                  ; n/a           ; n/a             ; n/a         ;
; GPIO1[5]           ; 2.5 V        ; 0 in              ; 0 H/in                  ; 0 F/in                  ; short         ; -                   ; open           ; open             ; open   ; 0 in             ; 0 H/in                 ; 0 F/in                 ; short        ; open          ; open            ; open  ; 0 V                 ; -                  ; n/a           ; n/a             ; n/a         ;
; GPIO1[6]           ; 2.5 V        ; 0 in              ; 0 H/in                  ; 0 F/in                  ; short         ; -                   ; open           ; open             ; open   ; 0 in             ; 0 H/in                 ; 0 F/in                 ; short        ; open          ; open            ; open  ; 0 V                 ; -                  ; n/a           ; n/a             ; n/a         ;
; GPIO1[7]           ; 2.5 V        ; 0 in              ; 0 H/in                  ; 0 F/in                  ; short         ; -                   ; open           ; open             ; open   ; 0 in             ; 0 H/in                 ; 0 F/in                 ; short        ; open          ; open            ; open  ; 0 V                 ; -                  ; n/a           ; n/a             ; n/a         ;
; GPIO1[8]           ; 2.5 V        ; 0 in              ; 0 H/in                  ; 0 F/in                  ; short         ; -                   ; open           ; open             ; open   ; 0 in             ; 0 H/in                 ; 0 F/in                 ; short        ; open          ; open            ; open  ; 0 V                 ; -                  ; n/a           ; n/a             ; n/a         ;
; GPIO1[9]           ; 2.5 V        ; 0 in              ; 0 H/in                  ; 0 F/in                  ; short         ; -                   ; open           ; open             ; open   ; 0 in             ; 0 H/in                 ; 0 F/in                 ; short        ; open          ; open            ; open  ; 0 V                 ; -                  ; n/a           ; n/a             ; n/a         ;
; GPIO1[10]          ; 2.5 V        ; 0 in              ; 0 H/in                  ; 0 F/in                  ; short         ; -                   ; open           ; open             ; open   ; 0 in             ; 0 H/in                 ; 0 F/in                 ; short        ; open          ; open            ; open  ; 0 V                 ; -                  ; n/a           ; n/a             ; n/a         ;
; GPIO1[11]          ; 2.5 V        ; 0 in              ; 0 H/in                  ; 0 F/in                  ; short         ; -                   ; open           ; open             ; open   ; 0 in             ; 0 H/in                 ; 0 F/in                 ; short        ; open          ; open            ; open  ; 0 V                 ; -                  ; n/a           ; n/a             ; n/a         ;
; GPIO1[12]          ; 2.5 V        ; 0 in              ; 0 H/in                  ; 0 F/in                  ; short         ; -                   ; open           ; open             ; open   ; 0 in             ; 0 H/in                 ; 0 F/in                 ; short        ; open          ; open            ; open  ; 0 V                 ; -                  ; n/a           ; n/a             ; n/a         ;
; GPIO1[13]          ; 2.5 V        ; 0 in              ; 0 H/in                  ; 0 F/in                  ; short         ; -                   ; open           ; open             ; open   ; 0 in             ; 0 H/in                 ; 0 F/in                 ; short        ; open          ; open            ; open  ; 0 V                 ; -                  ; n/a           ; n/a             ; n/a         ;
; GPIO1[14]          ; 2.5 V        ; 0 in              ; 0 H/in                  ; 0 F/in                  ; short         ; -                   ; open           ; open             ; open   ; 0 in             ; 0 H/in                 ; 0 F/in                 ; short        ; open          ; open            ; open  ; 0 V                 ; -                  ; n/a           ; n/a             ; n/a         ;
; GPIO1[15]          ; 2.5 V        ; 0 in              ; 0 H/in                  ; 0 F/in                  ; short         ; -                   ; open           ; open             ; open   ; 0 in             ; 0 H/in                 ; 0 F/in                 ; short        ; open          ; open            ; open  ; 0 V                 ; -                  ; n/a           ; n/a             ; n/a         ;
; GPIO1[16]          ; 2.5 V        ; 0 in              ; 0 H/in                  ; 0 F/in                  ; short         ; -                   ; open           ; open             ; open   ; 0 in             ; 0 H/in                 ; 0 F/in                 ; short        ; open          ; open            ; open  ; 0 V                 ; -                  ; n/a           ; n/a             ; n/a         ;
; GPIO1[17]          ; 2.5 V        ; 0 in              ; 0 H/in                  ; 0 F/in                  ; short         ; -                   ; open           ; open             ; open   ; 0 in             ; 0 H/in                 ; 0 F/in                 ; short        ; open          ; open            ; open  ; 0 V                 ; -                  ; n/a           ; n/a             ; n/a         ;
; GPIO1[18]          ; 2.5 V        ; 0 in              ; 0 H/in                  ; 0 F/in                  ; short         ; -                   ; open           ; open             ; open   ; 0 in             ; 0 H/in                 ; 0 F/in                 ; short        ; open          ; open            ; open  ; 0 V                 ; -                  ; n/a           ; n/a             ; n/a         ;
; GPIO1[19]          ; 2.5 V        ; 0 in              ; 0 H/in                  ; 0 F/in                  ; short         ; -                   ; open           ; open             ; open   ; 0 in             ; 0 H/in                 ; 0 F/in                 ; short        ; open          ; open            ; open  ; 0 V                 ; -                  ; n/a           ; n/a             ; n/a         ;
; GPIO1[20]          ; 2.5 V        ; 0 in              ; 0 H/in                  ; 0 F/in                  ; short         ; -                   ; open           ; open             ; open   ; 0 in             ; 0 H/in                 ; 0 F/in                 ; short        ; open          ; open            ; open  ; 0 V                 ; -                  ; n/a           ; n/a             ; n/a         ;
; GPIO1[21]          ; 2.5 V        ; 0 in              ; 0 H/in                  ; 0 F/in                  ; short         ; -                   ; open           ; open             ; open   ; 0 in             ; 0 H/in                 ; 0 F/in                 ; short        ; open          ; open            ; open  ; 0 V                 ; -                  ; n/a           ; n/a             ; n/a         ;
; GPIO1[22]          ; 2.5 V        ; 0 in              ; 0 H/in                  ; 0 F/in                  ; short         ; -                   ; open           ; open             ; open   ; 0 in             ; 0 H/in                 ; 0 F/in                 ; short        ; open          ; open            ; open  ; 0 V                 ; -                  ; n/a           ; n/a             ; n/a         ;
; GPIO1[23]          ; 2.5 V        ; 0 in              ; 0 H/in                  ; 0 F/in                  ; short         ; -                   ; open           ; open             ; open   ; 0 in             ; 0 H/in                 ; 0 F/in                 ; short        ; open          ; open            ; open  ; 0 V                 ; -                  ; n/a           ; n/a             ; n/a         ;
; GPIO1[24]          ; 2.5 V        ; 0 in              ; 0 H/in                  ; 0 F/in                  ; short         ; -                   ; open           ; open             ; open   ; 0 in             ; 0 H/in                 ; 0 F/in                 ; short        ; open          ; open            ; open  ; 0 V                 ; -                  ; n/a           ; n/a             ; n/a         ;
; GPIO1[25]          ; 2.5 V        ; 0 in              ; 0 H/in                  ; 0 F/in                  ; short         ; -                   ; open           ; open             ; open   ; 0 in             ; 0 H/in                 ; 0 F/in                 ; short        ; open          ; open            ; open  ; 0 V                 ; -                  ; n/a           ; n/a             ; n/a         ;
; GPIO1[26]          ; 2.5 V        ; 0 in              ; 0 H/in                  ; 0 F/in                  ; short         ; -                   ; open           ; open             ; open   ; 0 in             ; 0 H/in                 ; 0 F/in                 ; short        ; open          ; open            ; open  ; 0 V                 ; -                  ; n/a           ; n/a             ; n/a         ;
; GPIO1[27]          ; 2.5 V        ; 0 in              ; 0 H/in                  ; 0 F/in                  ; short         ; -                   ; open           ; open             ; open   ; 0 in             ; 0 H/in                 ; 0 F/in                 ; short        ; open          ; open            ; open  ; 0 V                 ; -                  ; n/a           ; n/a             ; n/a         ;
; GPIO1[28]          ; 2.5 V        ; 0 in              ; 0 H/in                  ; 0 F/in                  ; short         ; -                   ; open           ; open             ; open   ; 0 in             ; 0 H/in                 ; 0 F/in                 ; short        ; open          ; open            ; open  ; 0 V                 ; -                  ; n/a           ; n/a             ; n/a         ;
; GPIO2[0]           ; 2.5 V        ; 0 in              ; 0 H/in                  ; 0 F/in                  ; short         ; -                   ; open           ; open             ; open   ; 0 in             ; 0 H/in                 ; 0 F/in                 ; short        ; open          ; open            ; open  ; 0 V                 ; -                  ; n/a           ; n/a             ; n/a         ;
; GPIO2[1]           ; 2.5 V        ; 0 in              ; 0 H/in                  ; 0 F/in                  ; short         ; -                   ; open           ; open             ; open   ; 0 in             ; 0 H/in                 ; 0 F/in                 ; short        ; open          ; open            ; open  ; 0 V                 ; -                  ; n/a           ; n/a             ; n/a         ;
; GPIO2[2]           ; 2.5 V        ; 0 in              ; 0 H/in                  ; 0 F/in                  ; short         ; -                   ; open           ; open             ; open   ; 0 in             ; 0 H/in                 ; 0 F/in                 ; short        ; open          ; open            ; open  ; 0 V                 ; -                  ; n/a           ; n/a             ; n/a         ;
; GPIO2[3]           ; 2.5 V        ; 0 in              ; 0 H/in                  ; 0 F/in                  ; short         ; -                   ; open           ; open             ; open   ; 0 in             ; 0 H/in                 ; 0 F/in                 ; short        ; open          ; open            ; open  ; 0 V                 ; -                  ; n/a           ; n/a             ; n/a         ;
; GPIO2[4]           ; 2.5 V        ; 0 in              ; 0 H/in                  ; 0 F/in                  ; short         ; -                   ; open           ; open             ; open   ; 0 in             ; 0 H/in                 ; 0 F/in                 ; short        ; open          ; open            ; open  ; 0 V                 ; -                  ; n/a           ; n/a             ; n/a         ;
; GPIO2[5]           ; 2.5 V        ; 0 in              ; 0 H/in                  ; 0 F/in                  ; short         ; -                   ; open           ; open             ; open   ; 0 in             ; 0 H/in                 ; 0 F/in                 ; short        ; open          ; open            ; open  ; 0 V                 ; -                  ; n/a           ; n/a             ; n/a         ;
; GPIO2[6]           ; 2.5 V        ; 0 in              ; 0 H/in                  ; 0 F/in                  ; short         ; -                   ; open           ; open             ; open   ; 0 in             ; 0 H/in                 ; 0 F/in                 ; short        ; open          ; open            ; open  ; 0 V                 ; -                  ; n/a           ; n/a             ; n/a         ;
; GPIO2[7]           ; 2.5 V        ; 0 in              ; 0 H/in                  ; 0 F/in                  ; short         ; -                   ; open           ; open             ; open   ; 0 in             ; 0 H/in                 ; 0 F/in                 ; short        ; open          ; open            ; open  ; 0 V                 ; -                  ; n/a           ; n/a             ; n/a         ;
; GPIO2[8]           ; 2.5 V        ; 0 in              ; 0 H/in                  ; 0 F/in                  ; short         ; -                   ; open           ; open             ; open   ; 0 in             ; 0 H/in                 ; 0 F/in                 ; short        ; open          ; open            ; open  ; 0 V                 ; -                  ; n/a           ; n/a             ; n/a         ;
; GPIO2[9]           ; 2.5 V        ; 0 in              ; 0 H/in                  ; 0 F/in                  ; short         ; -                   ; open           ; open             ; open   ; 0 in             ; 0 H/in                 ; 0 F/in                 ; short        ; open          ; open            ; open  ; 0 V                 ; -                  ; n/a           ; n/a             ; n/a         ;
; GPIO2[10]          ; 2.5 V        ; 0 in              ; 0 H/in                  ; 0 F/in                  ; short         ; -                   ; open           ; open             ; open   ; 0 in             ; 0 H/in                 ; 0 F/in                 ; short        ; open          ; open            ; open  ; 0 V                 ; -                  ; n/a           ; n/a             ; n/a         ;
; I2C0_SCL           ; 2.5 V        ; 0 in              ; 0 H/in                  ; 0 F/in                  ; short         ; -                   ; open           ; open             ; open   ; 0 in             ; 0 H/in                 ; 0 F/in                 ; short        ; open          ; open            ; open  ; 0 V                 ; -                  ; n/a           ; n/a             ; n/a         ;
; I2C0_SDA           ; 2.5 V        ; 0 in              ; 0 H/in                  ; 0 F/in                  ; short         ; -                   ; open           ; open             ; open   ; 0 in             ; 0 H/in                 ; 0 F/in                 ; short        ; open          ; open            ; open  ; 0 V                 ; -                  ; n/a           ; n/a             ; n/a         ;
; I2C1_SCL           ; 2.5 V        ; 0 in              ; 0 H/in                  ; 0 F/in                  ; short         ; -                   ; open           ; open             ; open   ; 0 in             ; 0 H/in                 ; 0 F/in                 ; short        ; open          ; open            ; open  ; 0 V                 ; -                  ; n/a           ; n/a             ; n/a         ;
; I2C1_SDA           ; 2.5 V        ; 0 in              ; 0 H/in                  ; 0 F/in                  ; short         ; -                   ; open           ; open             ; open   ; 0 in             ; 0 H/in                 ; 0 F/in                 ; short        ; open          ; open            ; open  ; 0 V                 ; -                  ; n/a           ; n/a             ; n/a         ;
; SDRAM_DQ[0]        ; 2.5 V        ; 0 in              ; 0 H/in                  ; 0 F/in                  ; short         ; -                   ; open           ; open             ; open   ; 0 in             ; 0 H/in                 ; 0 F/in                 ; short        ; open          ; open            ; open  ; 0 V                 ; -                  ; n/a           ; n/a             ; n/a         ;
; SDRAM_DQ[1]        ; 2.5 V        ; 0 in              ; 0 H/in                  ; 0 F/in                  ; short         ; -                   ; open           ; open             ; open   ; 0 in             ; 0 H/in                 ; 0 F/in                 ; short        ; open          ; open            ; open  ; 0 V                 ; -                  ; n/a           ; n/a             ; n/a         ;
; SDRAM_DQ[2]        ; 2.5 V        ; 0 in              ; 0 H/in                  ; 0 F/in                  ; short         ; -                   ; open           ; open             ; open   ; 0 in             ; 0 H/in                 ; 0 F/in                 ; short        ; open          ; open            ; open  ; 0 V                 ; -                  ; n/a           ; n/a             ; n/a         ;
; SDRAM_DQ[3]        ; 2.5 V        ; 0 in              ; 0 H/in                  ; 0 F/in                  ; short         ; -                   ; open           ; open             ; open   ; 0 in             ; 0 H/in                 ; 0 F/in                 ; short        ; open          ; open            ; open  ; 0 V                 ; -                  ; n/a           ; n/a             ; n/a         ;
; SDRAM_DQ[4]        ; 2.5 V        ; 0 in              ; 0 H/in                  ; 0 F/in                  ; short         ; -                   ; open           ; open             ; open   ; 0 in             ; 0 H/in                 ; 0 F/in                 ; short        ; open          ; open            ; open  ; 0 V                 ; -                  ; n/a           ; n/a             ; n/a         ;
; SDRAM_DQ[5]        ; 2.5 V        ; 0 in              ; 0 H/in                  ; 0 F/in                  ; short         ; -                   ; open           ; open             ; open   ; 0 in             ; 0 H/in                 ; 0 F/in                 ; short        ; open          ; open            ; open  ; 0 V                 ; -                  ; n/a           ; n/a             ; n/a         ;
; SDRAM_DQ[6]        ; 2.5 V        ; 0 in              ; 0 H/in                  ; 0 F/in                  ; short         ; -                   ; open           ; open             ; open   ; 0 in             ; 0 H/in                 ; 0 F/in                 ; short        ; open          ; open            ; open  ; 0 V                 ; -                  ; n/a           ; n/a             ; n/a         ;
; SDRAM_DQ[7]        ; 2.5 V        ; 0 in              ; 0 H/in                  ; 0 F/in                  ; short         ; -                   ; open           ; open             ; open   ; 0 in             ; 0 H/in                 ; 0 F/in                 ; short        ; open          ; open            ; open  ; 0 V                 ; -                  ; n/a           ; n/a             ; n/a         ;
; SDRAM_DQ[8]        ; 2.5 V        ; 0 in              ; 0 H/in                  ; 0 F/in                  ; short         ; -                   ; open           ; open             ; open   ; 0 in             ; 0 H/in                 ; 0 F/in                 ; short        ; open          ; open            ; open  ; 0 V                 ; -                  ; n/a           ; n/a             ; n/a         ;
; SDRAM_DQ[9]        ; 2.5 V        ; 0 in              ; 0 H/in                  ; 0 F/in                  ; short         ; -                   ; open           ; open             ; open   ; 0 in             ; 0 H/in                 ; 0 F/in                 ; short        ; open          ; open            ; open  ; 0 V                 ; -                  ; n/a           ; n/a             ; n/a         ;
; SDRAM_DQ[10]       ; 2.5 V        ; 0 in              ; 0 H/in                  ; 0 F/in                  ; short         ; -                   ; open           ; open             ; open   ; 0 in             ; 0 H/in                 ; 0 F/in                 ; short        ; open          ; open            ; open  ; 0 V                 ; -                  ; n/a           ; n/a             ; n/a         ;
; SDRAM_DQ[11]       ; 2.5 V        ; 0 in              ; 0 H/in                  ; 0 F/in                  ; short         ; -                   ; open           ; open             ; open   ; 0 in             ; 0 H/in                 ; 0 F/in                 ; short        ; open          ; open            ; open  ; 0 V                 ; -                  ; n/a           ; n/a             ; n/a         ;
; SDRAM_DQ[12]       ; 2.5 V        ; 0 in              ; 0 H/in                  ; 0 F/in                  ; short         ; -                   ; open           ; open             ; open   ; 0 in             ; 0 H/in                 ; 0 F/in                 ; short        ; open          ; open            ; open  ; 0 V                 ; -                  ; n/a           ; n/a             ; n/a         ;
; SDRAM_DQ[13]       ; 2.5 V        ; 0 in              ; 0 H/in                  ; 0 F/in                  ; short         ; -                   ; open           ; open             ; open   ; 0 in             ; 0 H/in                 ; 0 F/in                 ; short        ; open          ; open            ; open  ; 0 V                 ; -                  ; n/a           ; n/a             ; n/a         ;
; SDRAM_DQ[14]       ; 2.5 V        ; 0 in              ; 0 H/in                  ; 0 F/in                  ; short         ; -                   ; open           ; open             ; open   ; 0 in             ; 0 H/in                 ; 0 F/in                 ; short        ; open          ; open            ; open  ; 0 V                 ; -                  ; n/a           ; n/a             ; n/a         ;
; SDRAM_DQ[15]       ; 2.5 V        ; 0 in              ; 0 H/in                  ; 0 F/in                  ; short         ; -                   ; open           ; open             ; open   ; 0 in             ; 0 H/in                 ; 0 F/in                 ; short        ; open          ; open            ; open  ; 0 V                 ; -                  ; n/a           ; n/a             ; n/a         ;
; S_MCS4_DATA[0]     ; 2.5 V        ; 0 in              ; 0 H/in                  ; 0 F/in                  ; short         ; -                   ; open           ; open             ; open   ; 0 in             ; 0 H/in                 ; 0 F/in                 ; short        ; open          ; open            ; open  ; 0 V                 ; -                  ; n/a           ; n/a             ; n/a         ;
; S_MCS4_DATA[1]     ; 2.5 V        ; 0 in              ; 0 H/in                  ; 0 F/in                  ; short         ; -                   ; open           ; open             ; open   ; 0 in             ; 0 H/in                 ; 0 F/in                 ; short        ; open          ; open            ; open  ; 0 V                 ; -                  ; n/a           ; n/a             ; n/a         ;
; S_MCS4_DATA[2]     ; 2.5 V        ; 0 in              ; 0 H/in                  ; 0 F/in                  ; short         ; -                   ; open           ; open             ; open   ; 0 in             ; 0 H/in                 ; 0 F/in                 ; short        ; open          ; open            ; open  ; 0 V                 ; -                  ; n/a           ; n/a             ; n/a         ;
; S_MCS4_DATA[3]     ; 2.5 V        ; 0 in              ; 0 H/in                  ; 0 F/in                  ; short         ; -                   ; open           ; open             ; open   ; 0 in             ; 0 H/in                 ; 0 F/in                 ; short        ; open          ; open            ; open  ; 0 V                 ; -                  ; n/a           ; n/a             ; n/a         ;
; C_MCS4_DATA[0]     ; 2.5 V        ; 0 in              ; 0 H/in                  ; 0 F/in                  ; short         ; -                   ; open           ; open             ; open   ; 0 in             ; 0 H/in                 ; 0 F/in                 ; short        ; open          ; open            ; open  ; 0 V                 ; -                  ; n/a           ; n/a             ; n/a         ;
; C_MCS4_DATA[1]     ; 2.5 V        ; 0 in              ; 0 H/in                  ; 0 F/in                  ; short         ; -                   ; open           ; open             ; open   ; 0 in             ; 0 H/in                 ; 0 F/in                 ; short        ; open          ; open            ; open  ; 0 V                 ; -                  ; n/a           ; n/a             ; n/a         ;
; C_MCS4_DATA[2]     ; 2.5 V        ; 0 in              ; 0 H/in                  ; 0 F/in                  ; short         ; -                   ; open           ; open             ; open   ; 0 in             ; 0 H/in                 ; 0 F/in                 ; short        ; open          ; open            ; open  ; 0 V                 ; -                  ; n/a           ; n/a             ; n/a         ;
; C_MCS4_DATA[3]     ; 2.5 V        ; 0 in              ; 0 H/in                  ; 0 F/in                  ; short         ; -                   ; open           ; open             ; open   ; 0 in             ; 0 H/in                 ; 0 F/in                 ; short        ; open          ; open            ; open  ; 0 V                 ; -                  ; n/a           ; n/a             ; n/a         ;
; ~ALTERA_TDO~       ; 2.5 V        ; 0 in              ; 0 H/in                  ; 0 F/in                  ; short         ; -                   ; open           ; open             ; open   ; 0 in             ; 0 H/in                 ; 0 F/in                 ; short        ; open          ; open            ; open  ; 0 V                 ; -                  ; n/a           ; n/a             ; n/a         ;
+--------------------+--------------+-------------------+-------------------------+-------------------------+---------------+---------------------+----------------+------------------+--------+------------------+------------------------+------------------------+--------------+---------------+-----------------+-------+---------------------+--------------------+---------------+-----------------+-------------+


+---------------------------------------------------------------------------------+
; Input Transition Times                                                          ;
+---------------------+-----------------------+-----------------+-----------------+
; Pin                 ; I/O Standard          ; 10-90 Rise Time ; 90-10 Fall Time ;
+---------------------+-----------------------+-----------------+-----------------+
; GPIO0[0]            ; 2.5 V                 ; 2000 ps         ; 2000 ps         ;
; GPIO0[1]            ; 2.5 V                 ; 2000 ps         ; 2000 ps         ;
; GPIO0[2]            ; 2.5 V                 ; 2000 ps         ; 2000 ps         ;
; GPIO0[3]            ; 2.5 V                 ; 2000 ps         ; 2000 ps         ;
; GPIO0[4]            ; 2.5 V                 ; 2000 ps         ; 2000 ps         ;
; GPIO0[5]            ; 2.5 V                 ; 2000 ps         ; 2000 ps         ;
; GPIO0[6]            ; 2.5 V                 ; 2000 ps         ; 2000 ps         ;
; GPIO0[7]            ; 2.5 V                 ; 2000 ps         ; 2000 ps         ;
; GPIO0[8]            ; 2.5 V                 ; 2000 ps         ; 2000 ps         ;
; GPIO0[9]            ; 2.5 V                 ; 2000 ps         ; 2000 ps         ;
; GPIO0[10]           ; 2.5 V                 ; 2000 ps         ; 2000 ps         ;
; GPIO0[11]           ; 2.5 V                 ; 2000 ps         ; 2000 ps         ;
; GPIO0[12]           ; 2.5 V                 ; 2000 ps         ; 2000 ps         ;
; GPIO0[13]           ; 2.5 V                 ; 2000 ps         ; 2000 ps         ;
; GPIO0[14]           ; 2.5 V                 ; 2000 ps         ; 2000 ps         ;
; GPIO0[15]           ; 2.5 V                 ; 2000 ps         ; 2000 ps         ;
; GPIO0[16]           ; 2.5 V                 ; 2000 ps         ; 2000 ps         ;
; GPIO0[17]           ; 2.5 V                 ; 2000 ps         ; 2000 ps         ;
; GPIO0[18]           ; 2.5 V                 ; 2000 ps         ; 2000 ps         ;
; GPIO0[19]           ; 2.5 V                 ; 2000 ps         ; 2000 ps         ;
; GPIO0[20]           ; 2.5 V                 ; 2000 ps         ; 2000 ps         ;
; GPIO0[21]           ; 2.5 V                 ; 2000 ps         ; 2000 ps         ;
; GPIO0[22]           ; 2.5 V                 ; 2000 ps         ; 2000 ps         ;
; GPIO0[23]           ; 2.5 V                 ; 2000 ps         ; 2000 ps         ;
; GPIO0[24]           ; 2.5 V                 ; 2000 ps         ; 2000 ps         ;
; GPIO0[25]           ; 2.5 V                 ; 2000 ps         ; 2000 ps         ;
; GPIO0[26]           ; 2.5 V                 ; 2000 ps         ; 2000 ps         ;
; GPIO0[27]           ; 2.5 V                 ; 2000 ps         ; 2000 ps         ;
; GPIO0[28]           ; 2.5 V                 ; 2000 ps         ; 2000 ps         ;
; GPIO0[29]           ; 2.5 V                 ; 2000 ps         ; 2000 ps         ;
; GPIO0[30]           ; 2.5 V                 ; 2000 ps         ; 2000 ps         ;
; GPIO0[31]           ; 2.5 V                 ; 2000 ps         ; 2000 ps         ;
; GPIO1[0]            ; 2.5 V                 ; 2000 ps         ; 2000 ps         ;
; GPIO1[1]            ; 2.5 V                 ; 2000 ps         ; 2000 ps         ;
; GPIO1[2]            ; 2.5 V                 ; 2000 ps         ; 2000 ps         ;
; GPIO1[3]            ; 2.5 V                 ; 2000 ps         ; 2000 ps         ;
; GPIO1[4]            ; 2.5 V                 ; 2000 ps         ; 2000 ps         ;
; GPIO1[5]            ; 2.5 V                 ; 2000 ps         ; 2000 ps         ;
; GPIO1[6]            ; 2.5 V                 ; 2000 ps         ; 2000 ps         ;
; GPIO1[7]            ; 2.5 V                 ; 2000 ps         ; 2000 ps         ;
; GPIO1[8]            ; 2.5 V                 ; 2000 ps         ; 2000 ps         ;
; GPIO1[9]            ; 2.5 V                 ; 2000 ps         ; 2000 ps         ;
; GPIO1[10]           ; 2.5 V                 ; 2000 ps         ; 2000 ps         ;
; GPIO1[11]           ; 2.5 V                 ; 2000 ps         ; 2000 ps         ;
; GPIO1[12]           ; 2.5 V                 ; 2000 ps         ; 2000 ps         ;
; GPIO1[13]           ; 2.5 V                 ; 2000 ps         ; 2000 ps         ;
; GPIO1[14]           ; 2.5 V                 ; 2000 ps         ; 2000 ps         ;
; GPIO1[15]           ; 2.5 V                 ; 2000 ps         ; 2000 ps         ;
; GPIO1[16]           ; 2.5 V                 ; 2000 ps         ; 2000 ps         ;
; GPIO1[17]           ; 2.5 V                 ; 2000 ps         ; 2000 ps         ;
; GPIO1[18]           ; 2.5 V                 ; 2000 ps         ; 2000 ps         ;
; GPIO1[19]           ; 2.5 V                 ; 2000 ps         ; 2000 ps         ;
; GPIO1[20]           ; 2.5 V                 ; 2000 ps         ; 2000 ps         ;
; GPIO1[21]           ; 2.5 V                 ; 2000 ps         ; 2000 ps         ;
; GPIO1[22]           ; 2.5 V                 ; 2000 ps         ; 2000 ps         ;
; GPIO1[23]           ; 2.5 V                 ; 2000 ps         ; 2000 ps         ;
; GPIO1[24]           ; 2.5 V                 ; 2000 ps         ; 2000 ps         ;
; GPIO1[25]           ; 2.5 V                 ; 2000 ps         ; 2000 ps         ;
; GPIO1[26]           ; 2.5 V                 ; 2000 ps         ; 2000 ps         ;
; GPIO1[27]           ; 2.5 V                 ; 2000 ps         ; 2000 ps         ;
; GPIO1[28]           ; 2.5 V                 ; 2000 ps         ; 2000 ps         ;
; GPIO2[0]            ; 2.5 V                 ; 2000 ps         ; 2000 ps         ;
; GPIO2[1]            ; 2.5 V                 ; 2000 ps         ; 2000 ps         ;
; GPIO2[2]            ; 2.5 V                 ; 2000 ps         ; 2000 ps         ;
; GPIO2[3]            ; 2.5 V                 ; 2000 ps         ; 2000 ps         ;
; GPIO2[4]            ; 2.5 V                 ; 2000 ps         ; 2000 ps         ;
; GPIO2[5]            ; 2.5 V                 ; 2000 ps         ; 2000 ps         ;
; GPIO2[6]            ; 2.5 V                 ; 2000 ps         ; 2000 ps         ;
; GPIO2[7]            ; 2.5 V                 ; 2000 ps         ; 2000 ps         ;
; GPIO2[8]            ; 2.5 V                 ; 2000 ps         ; 2000 ps         ;
; GPIO2[9]            ; 2.5 V                 ; 2000 ps         ; 2000 ps         ;
; GPIO2[10]           ; 2.5 V                 ; 2000 ps         ; 2000 ps         ;
; I2C0_SCL            ; 2.5 V                 ; 2000 ps         ; 2000 ps         ;
; I2C0_SDA            ; 2.5 V                 ; 2000 ps         ; 2000 ps         ;
; I2C1_SCL            ; 2.5 V                 ; 2000 ps         ; 2000 ps         ;
; I2C1_SDA            ; 2.5 V                 ; 2000 ps         ; 2000 ps         ;
; SDRAM_DQ[0]         ; 2.5 V                 ; 2000 ps         ; 2000 ps         ;
; SDRAM_DQ[1]         ; 2.5 V                 ; 2000 ps         ; 2000 ps         ;
; SDRAM_DQ[2]         ; 2.5 V                 ; 2000 ps         ; 2000 ps         ;
; SDRAM_DQ[3]         ; 2.5 V                 ; 2000 ps         ; 2000 ps         ;
; SDRAM_DQ[4]         ; 2.5 V                 ; 2000 ps         ; 2000 ps         ;
; SDRAM_DQ[5]         ; 2.5 V                 ; 2000 ps         ; 2000 ps         ;
; SDRAM_DQ[6]         ; 2.5 V                 ; 2000 ps         ; 2000 ps         ;
; SDRAM_DQ[7]         ; 2.5 V                 ; 2000 ps         ; 2000 ps         ;
; SDRAM_DQ[8]         ; 2.5 V                 ; 2000 ps         ; 2000 ps         ;
; SDRAM_DQ[9]         ; 2.5 V                 ; 2000 ps         ; 2000 ps         ;
; SDRAM_DQ[10]        ; 2.5 V                 ; 2000 ps         ; 2000 ps         ;
; SDRAM_DQ[11]        ; 2.5 V                 ; 2000 ps         ; 2000 ps         ;
; SDRAM_DQ[12]        ; 2.5 V                 ; 2000 ps         ; 2000 ps         ;
; SDRAM_DQ[13]        ; 2.5 V                 ; 2000 ps         ; 2000 ps         ;
; SDRAM_DQ[14]        ; 2.5 V                 ; 2000 ps         ; 2000 ps         ;
; SDRAM_DQ[15]        ; 2.5 V                 ; 2000 ps         ; 2000 ps         ;
; S_MCS4_DATA[0]      ; 2.5 V                 ; 2000 ps         ; 2000 ps         ;
; S_MCS4_DATA[1]      ; 2.5 V                 ; 2000 ps         ; 2000 ps         ;
; S_MCS4_DATA[2]      ; 2.5 V                 ; 2000 ps         ; 2000 ps         ;
; S_MCS4_DATA[3]      ; 2.5 V                 ; 2000 ps         ; 2000 ps         ;
; C_MCS4_DATA[0]      ; 2.5 V                 ; 2000 ps         ; 2000 ps         ;
; C_MCS4_DATA[1]      ; 2.5 V                 ; 2000 ps         ; 2000 ps         ;
; C_MCS4_DATA[2]      ; 2.5 V                 ; 2000 ps         ; 2000 ps         ;
; C_MCS4_DATA[3]      ; 2.5 V                 ; 2000 ps         ; 2000 ps         ;
; CLK50               ; 2.5 V                 ; 2000 ps         ; 2000 ps         ;
; TCK                 ; 2.5 V                 ; 2000 ps         ; 2000 ps         ;
; TRSTn               ; 2.5 V                 ; 2000 ps         ; 2000 ps         ;
; C_MCS4_RES_N        ; 2.5 V                 ; 2000 ps         ; 2000 ps         ;
; RES_N               ; 2.5 V                 ; 2000 ps         ; 2000 ps         ;
; TMS                 ; 2.5 V                 ; 2000 ps         ; 2000 ps         ;
; TDI                 ; 2.5 V                 ; 2000 ps         ; 2000 ps         ;
; I2C0_INT1           ; 2.5 V                 ; 2000 ps         ; 2000 ps         ;
; I2C0_INT2           ; 2.5 V                 ; 2000 ps         ; 2000 ps         ;
; C_MCS4_CLK          ; 2.5 V                 ; 2000 ps         ; 2000 ps         ;
; C_MCS4_TEST         ; 2.5 V                 ; 2000 ps         ; 2000 ps         ;
; S_MCS4_CM_ROM_N     ; 2.5 V                 ; 2000 ps         ; 2000 ps         ;
; S_MCS4_SYNC_N       ; 2.5 V                 ; 2000 ps         ; 2000 ps         ;
; S_MCS4_CM_RAM_N[3]  ; 2.5 V                 ; 2000 ps         ; 2000 ps         ;
; S_MCS4_CM_RAM_N[2]  ; 2.5 V                 ; 2000 ps         ; 2000 ps         ;
; S_MCS4_CM_RAM_N[1]  ; 2.5 V                 ; 2000 ps         ; 2000 ps         ;
; S_MCS4_CM_RAM_N[0]  ; 2.5 V                 ; 2000 ps         ; 2000 ps         ;
; SPI_MISO            ; 2.5 V                 ; 2000 ps         ; 2000 ps         ;
; RXD                 ; 2.5 V                 ; 2000 ps         ; 2000 ps         ;
; ~ALTERA_TMS~        ; 2.5 V Schmitt Trigger ; 2000 ps         ; 2000 ps         ;
; ~ALTERA_TCK~        ; 2.5 V Schmitt Trigger ; 2000 ps         ; 2000 ps         ;
; ~ALTERA_TDI~        ; 2.5 V Schmitt Trigger ; 2000 ps         ; 2000 ps         ;
; ~ALTERA_CONFIG_SEL~ ; 2.5 V                 ; 2000 ps         ; 2000 ps         ;
; ~ALTERA_nCONFIG~    ; 2.5 V Schmitt Trigger ; 2000 ps         ; 2000 ps         ;
; ~ALTERA_nSTATUS~    ; 2.5 V Schmitt Trigger ; 2000 ps         ; 2000 ps         ;
; ~ALTERA_CONF_DONE~  ; 2.5 V Schmitt Trigger ; 2000 ps         ; 2000 ps         ;
+---------------------+-----------------------+-----------------+-----------------+


+-------------------------------------------------------------------------------------------------------------------------------------------------------------------------------------------------------------------------------------------------------------------------------------------------------------------------------------------------------------------------------------------------------------------------------------------------------------------------------------------------------------------------------------------------------------------------------------------------------------------------------------------------------------------------------------------------+
; Signal Integrity Metrics (Slow 1200mv 0c Model)                                                                                                                                                                                                                                                                                                                                                                                                                                                                                                                                                                                                                                                 ;
+--------------------+--------------+---------------------+---------------------+------------------------------+------------------------------+---------------------+---------------------+--------------------------------------+--------------------------------------+-----------------------------+-----------------------------+----------------------------+----------------------------+-----------------------------+-----------------------------+--------------------+--------------------+-------------------------------------+-------------------------------------+----------------------------+----------------------------+---------------------------+---------------------------+
; Pin                ; I/O Standard ; Board Delay on Rise ; Board Delay on Fall ; Steady State Voh at FPGA Pin ; Steady State Vol at FPGA Pin ; Voh Max at FPGA Pin ; Vol Min at FPGA Pin ; Ringback Voltage on Rise at FPGA Pin ; Ringback Voltage on Fall at FPGA Pin ; 10-90 Rise Time at FPGA Pin ; 90-10 Fall Time at FPGA Pin ; Monotonic Rise at FPGA Pin ; Monotonic Fall at FPGA Pin ; Steady State Voh at Far-end ; Steady State Vol at Far-end ; Voh Max at Far-end ; Vol Min at Far-end ; Ringback Voltage on Rise at Far-end ; Ringback Voltage on Fall at Far-end ; 10-90 Rise Time at Far-end ; 90-10 Fall Time at Far-end ; Monotonic Rise at Far-end ; Monotonic Fall at Far-end ;
+--------------------+--------------+---------------------+---------------------+------------------------------+------------------------------+---------------------+---------------------+--------------------------------------+--------------------------------------+-----------------------------+-----------------------------+----------------------------+----------------------------+-----------------------------+-----------------------------+--------------------+--------------------+-------------------------------------+-------------------------------------+----------------------------+----------------------------+---------------------------+---------------------------+
; RESOUT_N           ; 2.5 V        ; 0 s                 ; 0 s                 ; 2.32 V                       ; 1.95e-08 V                   ; 2.38 V              ; -0.0059 V           ; 0.18 V                               ; 0.031 V                              ; 6.58e-10 s                  ; 8.63e-10 s                  ; No                         ; Yes                        ; 2.32 V                      ; 1.95e-08 V                  ; 2.38 V             ; -0.0059 V          ; 0.18 V                              ; 0.031 V                             ; 6.58e-10 s                 ; 8.63e-10 s                 ; No                        ; Yes                       ;
; TDO                ; 2.5 V        ; 0 s                 ; 0 s                 ; 2.32 V                       ; 1.95e-08 V                   ; 2.38 V              ; -0.00581 V          ; 0.181 V                              ; 0.03 V                               ; 6.58e-10 s                  ; 8.65e-10 s                  ; No                         ; Yes                        ; 2.32 V                      ; 1.95e-08 V                  ; 2.38 V             ; -0.00581 V         ; 0.181 V                             ; 0.03 V                              ; 6.58e-10 s                 ; 8.65e-10 s                 ; No                        ; Yes                       ;
; TXD                ; 2.5 V        ; 0 s                 ; 0 s                 ; 2.32 V                       ; 1.95e-08 V                   ; 2.38 V              ; -0.00581 V          ; 0.181 V                              ; 0.03 V                               ; 6.58e-10 s                  ; 8.65e-10 s                  ; No                         ; Yes                        ; 2.32 V                      ; 1.95e-08 V                  ; 2.38 V             ; -0.00581 V         ; 0.181 V                             ; 0.03 V                              ; 6.58e-10 s                 ; 8.65e-10 s                 ; No                        ; Yes                       ;
; I2C0_ENA           ; 2.5 V        ; 0 s                 ; 0 s                 ; 2.32 V                       ; 1.95e-08 V                   ; 2.38 V              ; -0.00581 V          ; 0.181 V                              ; 0.03 V                               ; 6.58e-10 s                  ; 8.65e-10 s                  ; No                         ; Yes                        ; 2.32 V                      ; 1.95e-08 V                  ; 2.38 V             ; -0.00581 V         ; 0.181 V                             ; 0.03 V                              ; 6.58e-10 s                 ; 8.65e-10 s                 ; No                        ; Yes                       ;
; I2C0_ADR           ; 2.5 V        ; 0 s                 ; 0 s                 ; 2.32 V                       ; 1.95e-08 V                   ; 2.37 V              ; -0.00683 V          ; 0.235 V                              ; 0.051 V                              ; 6.88e-10 s                  ; 9.9e-10 s                   ; No                         ; Yes                        ; 2.32 V                      ; 1.95e-08 V                  ; 2.37 V             ; -0.00683 V         ; 0.235 V                             ; 0.051 V                             ; 6.88e-10 s                 ; 9.9e-10 s                  ; No                        ; Yes                       ;
; SPI_CSN[0]         ; 2.5 V        ; 0 s                 ; 0 s                 ; 2.32 V                       ; 1.95e-08 V                   ; 2.38 V              ; -0.00581 V          ; 0.181 V                              ; 0.03 V                               ; 6.58e-10 s                  ; 8.65e-10 s                  ; No                         ; Yes                        ; 2.32 V                      ; 1.95e-08 V                  ; 2.38 V             ; -0.00581 V         ; 0.181 V                             ; 0.03 V                              ; 6.58e-10 s                 ; 8.65e-10 s                 ; No                        ; Yes                       ;
; SPI_CSN[1]         ; 2.5 V        ; 0 s                 ; 0 s                 ; 2.32 V                       ; 1.95e-08 V                   ; 2.38 V              ; -0.00618 V          ; 0.236 V                              ; 0.052 V                              ; 6.89e-10 s                  ; 9.91e-10 s                  ; No                         ; Yes                        ; 2.32 V                      ; 1.95e-08 V                  ; 2.38 V             ; -0.00618 V         ; 0.236 V                             ; 0.052 V                             ; 6.89e-10 s                 ; 9.91e-10 s                 ; No                        ; Yes                       ;
; SPI_CSN[2]         ; 2.5 V        ; 0 s                 ; 0 s                 ; 2.32 V                       ; 1.95e-08 V                   ; 2.38 V              ; -0.00581 V          ; 0.181 V                              ; 0.03 V                               ; 6.58e-10 s                  ; 8.65e-10 s                  ; No                         ; Yes                        ; 2.32 V                      ; 1.95e-08 V                  ; 2.38 V             ; -0.00581 V         ; 0.181 V                             ; 0.03 V                              ; 6.58e-10 s                 ; 8.65e-10 s                 ; No                        ; Yes                       ;
; SPI_CSN[3]         ; 2.5 V        ; 0 s                 ; 0 s                 ; 2.32 V                       ; 1.95e-08 V                   ; 2.38 V              ; -0.0059 V           ; 0.18 V                               ; 0.031 V                              ; 6.58e-10 s                  ; 8.63e-10 s                  ; No                         ; Yes                        ; 2.32 V                      ; 1.95e-08 V                  ; 2.38 V             ; -0.0059 V          ; 0.18 V                              ; 0.031 V                             ; 6.58e-10 s                 ; 8.63e-10 s                 ; No                        ; Yes                       ;
; SPI_SCK            ; 2.5 V        ; 0 s                 ; 0 s                 ; 2.32 V                       ; 1.95e-08 V                   ; 2.38 V              ; -0.0059 V           ; 0.18 V                               ; 0.031 V                              ; 6.58e-10 s                  ; 8.63e-10 s                  ; No                         ; Yes                        ; 2.32 V                      ; 1.95e-08 V                  ; 2.38 V             ; -0.0059 V          ; 0.18 V                              ; 0.031 V                             ; 6.58e-10 s                 ; 8.63e-10 s                 ; No                        ; Yes                       ;
; SPI_MOSI           ; 2.5 V        ; 0 s                 ; 0 s                 ; 2.32 V                       ; 1.95e-08 V                   ; 2.38 V              ; -0.00581 V          ; 0.181 V                              ; 0.03 V                               ; 6.58e-10 s                  ; 8.65e-10 s                  ; No                         ; Yes                        ; 2.32 V                      ; 1.95e-08 V                  ; 2.38 V             ; -0.00581 V         ; 0.181 V                             ; 0.03 V                              ; 6.58e-10 s                 ; 8.65e-10 s                 ; No                        ; Yes                       ;
; SDRAM_CLK          ; 2.5 V        ; 0 s                 ; 0 s                 ; 2.32 V                       ; 1.95e-08 V                   ; 2.38 V              ; -0.0059 V           ; 0.18 V                               ; 0.031 V                              ; 6.58e-10 s                  ; 8.63e-10 s                  ; No                         ; Yes                        ; 2.32 V                      ; 1.95e-08 V                  ; 2.38 V             ; -0.0059 V          ; 0.18 V                              ; 0.031 V                             ; 6.58e-10 s                 ; 8.63e-10 s                 ; No                        ; Yes                       ;
; SDRAM_CKE          ; 2.5 V        ; 0 s                 ; 0 s                 ; 2.32 V                       ; 1.95e-08 V                   ; 2.38 V              ; -0.00581 V          ; 0.181 V                              ; 0.03 V                               ; 6.58e-10 s                  ; 8.65e-10 s                  ; No                         ; Yes                        ; 2.32 V                      ; 1.95e-08 V                  ; 2.38 V             ; -0.00581 V         ; 0.181 V                             ; 0.03 V                              ; 6.58e-10 s                 ; 8.65e-10 s                 ; No                        ; Yes                       ;
; SDRAM_CSn          ; 2.5 V        ; 0 s                 ; 0 s                 ; 2.32 V                       ; 1.95e-08 V                   ; 2.38 V              ; -0.00581 V          ; 0.181 V                              ; 0.03 V                               ; 6.58e-10 s                  ; 8.65e-10 s                  ; No                         ; Yes                        ; 2.32 V                      ; 1.95e-08 V                  ; 2.38 V             ; -0.00581 V         ; 0.181 V                             ; 0.03 V                              ; 6.58e-10 s                 ; 8.65e-10 s                 ; No                        ; Yes                       ;
; SDRAM_DQM[0]       ; 2.5 V        ; 0 s                 ; 0 s                 ; 2.32 V                       ; 1.95e-08 V                   ; 2.38 V              ; -0.00581 V          ; 0.181 V                              ; 0.03 V                               ; 6.58e-10 s                  ; 8.65e-10 s                  ; No                         ; Yes                        ; 2.32 V                      ; 1.95e-08 V                  ; 2.38 V             ; -0.00581 V         ; 0.181 V                             ; 0.03 V                              ; 6.58e-10 s                 ; 8.65e-10 s                 ; No                        ; Yes                       ;
; SDRAM_DQM[1]       ; 2.5 V        ; 0 s                 ; 0 s                 ; 2.32 V                       ; 1.95e-08 V                   ; 2.38 V              ; -0.00581 V          ; 0.181 V                              ; 0.03 V                               ; 6.58e-10 s                  ; 8.65e-10 s                  ; No                         ; Yes                        ; 2.32 V                      ; 1.95e-08 V                  ; 2.38 V             ; -0.00581 V         ; 0.181 V                             ; 0.03 V                              ; 6.58e-10 s                 ; 8.65e-10 s                 ; No                        ; Yes                       ;
; SDRAM_RASn         ; 2.5 V        ; 0 s                 ; 0 s                 ; 2.32 V                       ; 1.95e-08 V                   ; 2.38 V              ; -0.00581 V          ; 0.181 V                              ; 0.03 V                               ; 6.58e-10 s                  ; 8.65e-10 s                  ; No                         ; Yes                        ; 2.32 V                      ; 1.95e-08 V                  ; 2.38 V             ; -0.00581 V         ; 0.181 V                             ; 0.03 V                              ; 6.58e-10 s                 ; 8.65e-10 s                 ; No                        ; Yes                       ;
; SDRAM_CASn         ; 2.5 V        ; 0 s                 ; 0 s                 ; 2.32 V                       ; 1.95e-08 V                   ; 2.38 V              ; -0.0059 V           ; 0.18 V                               ; 0.031 V                              ; 6.58e-10 s                  ; 8.63e-10 s                  ; No                         ; Yes                        ; 2.32 V                      ; 1.95e-08 V                  ; 2.38 V             ; -0.0059 V          ; 0.18 V                              ; 0.031 V                             ; 6.58e-10 s                 ; 8.63e-10 s                 ; No                        ; Yes                       ;
; SDRAM_WEn          ; 2.5 V        ; 0 s                 ; 0 s                 ; 2.32 V                       ; 1.95e-08 V                   ; 2.38 V              ; -0.0059 V           ; 0.18 V                               ; 0.031 V                              ; 6.58e-10 s                  ; 8.63e-10 s                  ; No                         ; Yes                        ; 2.32 V                      ; 1.95e-08 V                  ; 2.38 V             ; -0.0059 V          ; 0.18 V                              ; 0.031 V                             ; 6.58e-10 s                 ; 8.63e-10 s                 ; No                        ; Yes                       ;
; SDRAM_BA[0]        ; 2.5 V        ; 0 s                 ; 0 s                 ; 2.32 V                       ; 1.95e-08 V                   ; 2.38 V              ; -0.0059 V           ; 0.18 V                               ; 0.031 V                              ; 6.58e-10 s                  ; 8.63e-10 s                  ; No                         ; Yes                        ; 2.32 V                      ; 1.95e-08 V                  ; 2.38 V             ; -0.0059 V          ; 0.18 V                              ; 0.031 V                             ; 6.58e-10 s                 ; 8.63e-10 s                 ; No                        ; Yes                       ;
; SDRAM_BA[1]        ; 2.5 V        ; 0 s                 ; 0 s                 ; 2.32 V                       ; 1.95e-08 V                   ; 2.38 V              ; -0.00581 V          ; 0.181 V                              ; 0.03 V                               ; 6.58e-10 s                  ; 8.65e-10 s                  ; No                         ; Yes                        ; 2.32 V                      ; 1.95e-08 V                  ; 2.38 V             ; -0.00581 V         ; 0.181 V                             ; 0.03 V                              ; 6.58e-10 s                 ; 8.65e-10 s                 ; No                        ; Yes                       ;
; SDRAM_ADDR[0]      ; 2.5 V        ; 0 s                 ; 0 s                 ; 2.32 V                       ; 1.95e-08 V                   ; 2.38 V              ; -0.00581 V          ; 0.181 V                              ; 0.03 V                               ; 6.58e-10 s                  ; 8.65e-10 s                  ; No                         ; Yes                        ; 2.32 V                      ; 1.95e-08 V                  ; 2.38 V             ; -0.00581 V         ; 0.181 V                             ; 0.03 V                              ; 6.58e-10 s                 ; 8.65e-10 s                 ; No                        ; Yes                       ;
; SDRAM_ADDR[1]      ; 2.5 V        ; 0 s                 ; 0 s                 ; 2.32 V                       ; 1.95e-08 V                   ; 2.38 V              ; -0.0059 V           ; 0.18 V                               ; 0.031 V                              ; 6.58e-10 s                  ; 8.63e-10 s                  ; No                         ; Yes                        ; 2.32 V                      ; 1.95e-08 V                  ; 2.38 V             ; -0.0059 V          ; 0.18 V                              ; 0.031 V                             ; 6.58e-10 s                 ; 8.63e-10 s                 ; No                        ; Yes                       ;
; SDRAM_ADDR[2]      ; 2.5 V        ; 0 s                 ; 0 s                 ; 2.32 V                       ; 1.95e-08 V                   ; 2.38 V              ; -0.0059 V           ; 0.18 V                               ; 0.031 V                              ; 6.58e-10 s                  ; 8.63e-10 s                  ; No                         ; Yes                        ; 2.32 V                      ; 1.95e-08 V                  ; 2.38 V             ; -0.0059 V          ; 0.18 V                              ; 0.031 V                             ; 6.58e-10 s                 ; 8.63e-10 s                 ; No                        ; Yes                       ;
; SDRAM_ADDR[3]      ; 2.5 V        ; 0 s                 ; 0 s                 ; 2.32 V                       ; 1.95e-08 V                   ; 2.38 V              ; -0.0059 V           ; 0.18 V                               ; 0.031 V                              ; 6.58e-10 s                  ; 8.63e-10 s                  ; No                         ; Yes                        ; 2.32 V                      ; 1.95e-08 V                  ; 2.38 V             ; -0.0059 V          ; 0.18 V                              ; 0.031 V                             ; 6.58e-10 s                 ; 8.63e-10 s                 ; No                        ; Yes                       ;
; SDRAM_ADDR[4]      ; 2.5 V        ; 0 s                 ; 0 s                 ; 2.32 V                       ; 1.95e-08 V                   ; 2.38 V              ; -0.00581 V          ; 0.181 V                              ; 0.03 V                               ; 6.58e-10 s                  ; 8.65e-10 s                  ; No                         ; Yes                        ; 2.32 V                      ; 1.95e-08 V                  ; 2.38 V             ; -0.00581 V         ; 0.181 V                             ; 0.03 V                              ; 6.58e-10 s                 ; 8.65e-10 s                 ; No                        ; Yes                       ;
; SDRAM_ADDR[5]      ; 2.5 V        ; 0 s                 ; 0 s                 ; 2.32 V                       ; 1.95e-08 V                   ; 2.38 V              ; -0.00581 V          ; 0.181 V                              ; 0.03 V                               ; 6.58e-10 s                  ; 8.65e-10 s                  ; No                         ; Yes                        ; 2.32 V                      ; 1.95e-08 V                  ; 2.38 V             ; -0.00581 V         ; 0.181 V                             ; 0.03 V                              ; 6.58e-10 s                 ; 8.65e-10 s                 ; No                        ; Yes                       ;
; SDRAM_ADDR[6]      ; 2.5 V        ; 0 s                 ; 0 s                 ; 2.32 V                       ; 1.95e-08 V                   ; 2.38 V              ; -0.0059 V           ; 0.18 V                               ; 0.031 V                              ; 6.58e-10 s                  ; 8.63e-10 s                  ; No                         ; Yes                        ; 2.32 V                      ; 1.95e-08 V                  ; 2.38 V             ; -0.0059 V          ; 0.18 V                              ; 0.031 V                             ; 6.58e-10 s                 ; 8.63e-10 s                 ; No                        ; Yes                       ;
; SDRAM_ADDR[7]      ; 2.5 V        ; 0 s                 ; 0 s                 ; 2.32 V                       ; 1.95e-08 V                   ; 2.38 V              ; -0.0059 V           ; 0.18 V                               ; 0.031 V                              ; 6.58e-10 s                  ; 8.63e-10 s                  ; No                         ; Yes                        ; 2.32 V                      ; 1.95e-08 V                  ; 2.38 V             ; -0.0059 V          ; 0.18 V                              ; 0.031 V                             ; 6.58e-10 s                 ; 8.63e-10 s                 ; No                        ; Yes                       ;
; SDRAM_ADDR[8]      ; 2.5 V        ; 0 s                 ; 0 s                 ; 2.32 V                       ; 1.95e-08 V                   ; 2.38 V              ; -0.00581 V          ; 0.181 V                              ; 0.03 V                               ; 6.58e-10 s                  ; 8.65e-10 s                  ; No                         ; Yes                        ; 2.32 V                      ; 1.95e-08 V                  ; 2.38 V             ; -0.00581 V         ; 0.181 V                             ; 0.03 V                              ; 6.58e-10 s                 ; 8.65e-10 s                 ; No                        ; Yes                       ;
; SDRAM_ADDR[9]      ; 2.5 V        ; 0 s                 ; 0 s                 ; 2.32 V                       ; 1.95e-08 V                   ; 2.38 V              ; -0.0059 V           ; 0.18 V                               ; 0.031 V                              ; 6.58e-10 s                  ; 8.63e-10 s                  ; No                         ; Yes                        ; 2.32 V                      ; 1.95e-08 V                  ; 2.38 V             ; -0.0059 V          ; 0.18 V                              ; 0.031 V                             ; 6.58e-10 s                 ; 8.63e-10 s                 ; No                        ; Yes                       ;
; SDRAM_ADDR[10]     ; 2.5 V        ; 0 s                 ; 0 s                 ; 2.32 V                       ; 1.95e-08 V                   ; 2.38 V              ; -0.0059 V           ; 0.18 V                               ; 0.031 V                              ; 6.58e-10 s                  ; 8.63e-10 s                  ; No                         ; Yes                        ; 2.32 V                      ; 1.95e-08 V                  ; 2.38 V             ; -0.0059 V          ; 0.18 V                              ; 0.031 V                             ; 6.58e-10 s                 ; 8.63e-10 s                 ; No                        ; Yes                       ;
; SDRAM_ADDR[11]     ; 2.5 V        ; 0 s                 ; 0 s                 ; 2.32 V                       ; 1.95e-08 V                   ; 2.38 V              ; -0.00581 V          ; 0.181 V                              ; 0.03 V                               ; 6.58e-10 s                  ; 8.65e-10 s                  ; No                         ; Yes                        ; 2.32 V                      ; 1.95e-08 V                  ; 2.38 V             ; -0.00581 V         ; 0.181 V                             ; 0.03 V                              ; 6.58e-10 s                 ; 8.65e-10 s                 ; No                        ; Yes                       ;
; SDRAM_ADDR[12]     ; 2.5 V        ; 0 s                 ; 0 s                 ; 2.32 V                       ; 1.95e-08 V                   ; 2.38 V              ; -0.00581 V          ; 0.181 V                              ; 0.03 V                               ; 6.58e-10 s                  ; 8.65e-10 s                  ; No                         ; Yes                        ; 2.32 V                      ; 1.95e-08 V                  ; 2.38 V             ; -0.00581 V         ; 0.181 V                             ; 0.03 V                              ; 6.58e-10 s                 ; 8.65e-10 s                 ; No                        ; Yes                       ;
; S_MCS4_CLK         ; 2.5 V        ; 0 s                 ; 0 s                 ; 2.32 V                       ; 1.95e-08 V                   ; 2.37 V              ; -0.00683 V          ; 0.235 V                              ; 0.051 V                              ; 6.88e-10 s                  ; 9.9e-10 s                   ; No                         ; Yes                        ; 2.32 V                      ; 1.95e-08 V                  ; 2.37 V             ; -0.00683 V         ; 0.235 V                             ; 0.051 V                             ; 6.88e-10 s                 ; 9.9e-10 s                  ; No                        ; Yes                       ;
; S_MCS4_RES_N       ; 2.5 V        ; 0 s                 ; 0 s                 ; 2.32 V                       ; 1.95e-08 V                   ; 2.38 V              ; -0.00618 V          ; 0.236 V                              ; 0.052 V                              ; 6.89e-10 s                  ; 9.91e-10 s                  ; No                         ; Yes                        ; 2.32 V                      ; 1.95e-08 V                  ; 2.38 V             ; -0.00618 V         ; 0.236 V                             ; 0.052 V                             ; 6.89e-10 s                 ; 9.91e-10 s                 ; No                        ; Yes                       ;
; S_MCS4_TEST        ; 2.5 V        ; 0 s                 ; 0 s                 ; 2.32 V                       ; 1.95e-08 V                   ; 2.38 V              ; -0.00618 V          ; 0.236 V                              ; 0.052 V                              ; 6.89e-10 s                  ; 9.91e-10 s                  ; No                         ; Yes                        ; 2.32 V                      ; 1.95e-08 V                  ; 2.38 V             ; -0.00618 V         ; 0.236 V                             ; 0.052 V                             ; 6.89e-10 s                 ; 9.91e-10 s                 ; No                        ; Yes                       ;
; C_MCS4_SYNC_N      ; 2.5 V        ; 0 s                 ; 0 s                 ; 2.32 V                       ; 1.95e-08 V                   ; 2.37 V              ; -0.00683 V          ; 0.235 V                              ; 0.051 V                              ; 6.88e-10 s                  ; 9.9e-10 s                   ; No                         ; Yes                        ; 2.32 V                      ; 1.95e-08 V                  ; 2.37 V             ; -0.00683 V         ; 0.235 V                             ; 0.051 V                             ; 6.88e-10 s                 ; 9.9e-10 s                  ; No                        ; Yes                       ;
; C_MCS4_CM_ROM_N    ; 2.5 V        ; 0 s                 ; 0 s                 ; 2.32 V                       ; 1.95e-08 V                   ; 2.38 V              ; -0.0059 V           ; 0.18 V                               ; 0.031 V                              ; 6.58e-10 s                  ; 8.63e-10 s                  ; No                         ; Yes                        ; 2.32 V                      ; 1.95e-08 V                  ; 2.38 V             ; -0.0059 V          ; 0.18 V                              ; 0.031 V                             ; 6.58e-10 s                 ; 8.63e-10 s                 ; No                        ; Yes                       ;
; C_MCS4_CM_RAM_N[0] ; 2.5 V        ; 0 s                 ; 0 s                 ; 2.32 V                       ; 1.95e-08 V                   ; 2.38 V              ; -0.00581 V          ; 0.181 V                              ; 0.03 V                               ; 6.58e-10 s                  ; 8.65e-10 s                  ; No                         ; Yes                        ; 2.32 V                      ; 1.95e-08 V                  ; 2.38 V             ; -0.00581 V         ; 0.181 V                             ; 0.03 V                              ; 6.58e-10 s                 ; 8.65e-10 s                 ; No                        ; Yes                       ;
; C_MCS4_CM_RAM_N[1] ; 2.5 V        ; 0 s                 ; 0 s                 ; 2.32 V                       ; 1.95e-08 V                   ; 2.38 V              ; -0.0059 V           ; 0.18 V                               ; 0.031 V                              ; 6.58e-10 s                  ; 8.63e-10 s                  ; No                         ; Yes                        ; 2.32 V                      ; 1.95e-08 V                  ; 2.38 V             ; -0.0059 V          ; 0.18 V                              ; 0.031 V                             ; 6.58e-10 s                 ; 8.63e-10 s                 ; No                        ; Yes                       ;
; C_MCS4_CM_RAM_N[2] ; 2.5 V        ; 0 s                 ; 0 s                 ; 2.32 V                       ; 1.95e-08 V                   ; 2.38 V              ; -0.0059 V           ; 0.18 V                               ; 0.031 V                              ; 6.58e-10 s                  ; 8.63e-10 s                  ; No                         ; Yes                        ; 2.32 V                      ; 1.95e-08 V                  ; 2.38 V             ; -0.0059 V          ; 0.18 V                              ; 0.031 V                             ; 6.58e-10 s                 ; 8.63e-10 s                 ; No                        ; Yes                       ;
; C_MCS4_CM_RAM_N[3] ; 2.5 V        ; 0 s                 ; 0 s                 ; 2.32 V                       ; 1.95e-08 V                   ; 2.38 V              ; -0.0059 V           ; 0.18 V                               ; 0.031 V                              ; 6.58e-10 s                  ; 8.63e-10 s                  ; No                         ; Yes                        ; 2.32 V                      ; 1.95e-08 V                  ; 2.38 V             ; -0.0059 V          ; 0.18 V                              ; 0.031 V                             ; 6.58e-10 s                 ; 8.63e-10 s                 ; No                        ; Yes                       ;
; GPIO0[0]           ; 2.5 V        ; 0 s                 ; 0 s                 ; 2.32 V                       ; 1.95e-08 V                   ; 2.38 V              ; -0.0059 V           ; 0.18 V                               ; 0.031 V                              ; 6.58e-10 s                  ; 8.63e-10 s                  ; No                         ; Yes                        ; 2.32 V                      ; 1.95e-08 V                  ; 2.38 V             ; -0.0059 V          ; 0.18 V                              ; 0.031 V                             ; 6.58e-10 s                 ; 8.63e-10 s                 ; No                        ; Yes                       ;
; GPIO0[1]           ; 2.5 V        ; 0 s                 ; 0 s                 ; 2.32 V                       ; 1.95e-08 V                   ; 2.38 V              ; -0.00581 V          ; 0.181 V                              ; 0.03 V                               ; 6.58e-10 s                  ; 8.65e-10 s                  ; No                         ; Yes                        ; 2.32 V                      ; 1.95e-08 V                  ; 2.38 V             ; -0.00581 V         ; 0.181 V                             ; 0.03 V                              ; 6.58e-10 s                 ; 8.65e-10 s                 ; No                        ; Yes                       ;
; GPIO0[2]           ; 2.5 V        ; 0 s                 ; 0 s                 ; 2.32 V                       ; 1.95e-08 V                   ; 2.38 V              ; -0.00581 V          ; 0.181 V                              ; 0.03 V                               ; 6.58e-10 s                  ; 8.65e-10 s                  ; No                         ; Yes                        ; 2.32 V                      ; 1.95e-08 V                  ; 2.38 V             ; -0.00581 V         ; 0.181 V                             ; 0.03 V                              ; 6.58e-10 s                 ; 8.65e-10 s                 ; No                        ; Yes                       ;
; GPIO0[3]           ; 2.5 V        ; 0 s                 ; 0 s                 ; 2.32 V                       ; 1.95e-08 V                   ; 2.38 V              ; -0.0059 V           ; 0.18 V                               ; 0.031 V                              ; 6.58e-10 s                  ; 8.63e-10 s                  ; No                         ; Yes                        ; 2.32 V                      ; 1.95e-08 V                  ; 2.38 V             ; -0.0059 V          ; 0.18 V                              ; 0.031 V                             ; 6.58e-10 s                 ; 8.63e-10 s                 ; No                        ; Yes                       ;
; GPIO0[4]           ; 2.5 V        ; 0 s                 ; 0 s                 ; 2.32 V                       ; 1.95e-08 V                   ; 2.38 V              ; -0.0059 V           ; 0.18 V                               ; 0.031 V                              ; 6.58e-10 s                  ; 8.63e-10 s                  ; No                         ; Yes                        ; 2.32 V                      ; 1.95e-08 V                  ; 2.38 V             ; -0.0059 V          ; 0.18 V                              ; 0.031 V                             ; 6.58e-10 s                 ; 8.63e-10 s                 ; No                        ; Yes                       ;
; GPIO0[5]           ; 2.5 V        ; 0 s                 ; 0 s                 ; 2.32 V                       ; 1.95e-08 V                   ; 2.38 V              ; -0.0059 V           ; 0.18 V                               ; 0.031 V                              ; 6.58e-10 s                  ; 8.63e-10 s                  ; No                         ; Yes                        ; 2.32 V                      ; 1.95e-08 V                  ; 2.38 V             ; -0.0059 V          ; 0.18 V                              ; 0.031 V                             ; 6.58e-10 s                 ; 8.63e-10 s                 ; No                        ; Yes                       ;
; GPIO0[6]           ; 2.5 V        ; 0 s                 ; 0 s                 ; 2.32 V                       ; 1.95e-08 V                   ; 2.38 V              ; -0.00581 V          ; 0.181 V                              ; 0.03 V                               ; 6.58e-10 s                  ; 8.65e-10 s                  ; No                         ; Yes                        ; 2.32 V                      ; 1.95e-08 V                  ; 2.38 V             ; -0.00581 V         ; 0.181 V                             ; 0.03 V                              ; 6.58e-10 s                 ; 8.65e-10 s                 ; No                        ; Yes                       ;
; GPIO0[7]           ; 2.5 V        ; 0 s                 ; 0 s                 ; 2.32 V                       ; 1.95e-08 V                   ; 2.38 V              ; -0.0059 V           ; 0.18 V                               ; 0.031 V                              ; 6.58e-10 s                  ; 8.63e-10 s                  ; No                         ; Yes                        ; 2.32 V                      ; 1.95e-08 V                  ; 2.38 V             ; -0.0059 V          ; 0.18 V                              ; 0.031 V                             ; 6.58e-10 s                 ; 8.63e-10 s                 ; No                        ; Yes                       ;
; GPIO0[8]           ; 2.5 V        ; 0 s                 ; 0 s                 ; 2.32 V                       ; 1.95e-08 V                   ; 2.38 V              ; -0.0059 V           ; 0.18 V                               ; 0.031 V                              ; 6.58e-10 s                  ; 8.63e-10 s                  ; No                         ; Yes                        ; 2.32 V                      ; 1.95e-08 V                  ; 2.38 V             ; -0.0059 V          ; 0.18 V                              ; 0.031 V                             ; 6.58e-10 s                 ; 8.63e-10 s                 ; No                        ; Yes                       ;
; GPIO0[9]           ; 2.5 V        ; 0 s                 ; 0 s                 ; 2.32 V                       ; 1.95e-08 V                   ; 2.38 V              ; -0.0059 V           ; 0.18 V                               ; 0.031 V                              ; 6.58e-10 s                  ; 8.63e-10 s                  ; No                         ; Yes                        ; 2.32 V                      ; 1.95e-08 V                  ; 2.38 V             ; -0.0059 V          ; 0.18 V                              ; 0.031 V                             ; 6.58e-10 s                 ; 8.63e-10 s                 ; No                        ; Yes                       ;
; GPIO0[10]          ; 2.5 V        ; 0 s                 ; 0 s                 ; 2.32 V                       ; 1.95e-08 V                   ; 2.38 V              ; -0.00581 V          ; 0.181 V                              ; 0.03 V                               ; 6.58e-10 s                  ; 8.65e-10 s                  ; No                         ; Yes                        ; 2.32 V                      ; 1.95e-08 V                  ; 2.38 V             ; -0.00581 V         ; 0.181 V                             ; 0.03 V                              ; 6.58e-10 s                 ; 8.65e-10 s                 ; No                        ; Yes                       ;
; GPIO0[11]          ; 2.5 V        ; 0 s                 ; 0 s                 ; 2.32 V                       ; 1.95e-08 V                   ; 2.38 V              ; -0.0059 V           ; 0.18 V                               ; 0.031 V                              ; 6.58e-10 s                  ; 8.63e-10 s                  ; No                         ; Yes                        ; 2.32 V                      ; 1.95e-08 V                  ; 2.38 V             ; -0.0059 V          ; 0.18 V                              ; 0.031 V                             ; 6.58e-10 s                 ; 8.63e-10 s                 ; No                        ; Yes                       ;
; GPIO0[12]          ; 2.5 V        ; 0 s                 ; 0 s                 ; 2.32 V                       ; 1.95e-08 V                   ; 2.38 V              ; -0.00581 V          ; 0.181 V                              ; 0.03 V                               ; 6.58e-10 s                  ; 8.65e-10 s                  ; No                         ; Yes                        ; 2.32 V                      ; 1.95e-08 V                  ; 2.38 V             ; -0.00581 V         ; 0.181 V                             ; 0.03 V                              ; 6.58e-10 s                 ; 8.65e-10 s                 ; No                        ; Yes                       ;
; GPIO0[13]          ; 2.5 V        ; 0 s                 ; 0 s                 ; 2.32 V                       ; 1.95e-08 V                   ; 2.38 V              ; -0.0059 V           ; 0.18 V                               ; 0.031 V                              ; 6.58e-10 s                  ; 8.63e-10 s                  ; No                         ; Yes                        ; 2.32 V                      ; 1.95e-08 V                  ; 2.38 V             ; -0.0059 V          ; 0.18 V                              ; 0.031 V                             ; 6.58e-10 s                 ; 8.63e-10 s                 ; No                        ; Yes                       ;
; GPIO0[14]          ; 2.5 V        ; 0 s                 ; 0 s                 ; 2.32 V                       ; 1.95e-08 V                   ; 2.38 V              ; -0.00581 V          ; 0.181 V                              ; 0.03 V                               ; 6.58e-10 s                  ; 8.65e-10 s                  ; No                         ; Yes                        ; 2.32 V                      ; 1.95e-08 V                  ; 2.38 V             ; -0.00581 V         ; 0.181 V                             ; 0.03 V                              ; 6.58e-10 s                 ; 8.65e-10 s                 ; No                        ; Yes                       ;
; GPIO0[15]          ; 2.5 V        ; 0 s                 ; 0 s                 ; 2.32 V                       ; 1.95e-08 V                   ; 2.38 V              ; -0.00581 V          ; 0.181 V                              ; 0.03 V                               ; 6.58e-10 s                  ; 8.65e-10 s                  ; No                         ; Yes                        ; 2.32 V                      ; 1.95e-08 V                  ; 2.38 V             ; -0.00581 V         ; 0.181 V                             ; 0.03 V                              ; 6.58e-10 s                 ; 8.65e-10 s                 ; No                        ; Yes                       ;
; GPIO0[16]          ; 2.5 V        ; 0 s                 ; 0 s                 ; 2.32 V                       ; 1.95e-08 V                   ; 2.38 V              ; -0.0059 V           ; 0.18 V                               ; 0.031 V                              ; 6.58e-10 s                  ; 8.63e-10 s                  ; No                         ; Yes                        ; 2.32 V                      ; 1.95e-08 V                  ; 2.38 V             ; -0.0059 V          ; 0.18 V                              ; 0.031 V                             ; 6.58e-10 s                 ; 8.63e-10 s                 ; No                        ; Yes                       ;
; GPIO0[17]          ; 2.5 V        ; 0 s                 ; 0 s                 ; 2.32 V                       ; 1.95e-08 V                   ; 2.38 V              ; -0.0059 V           ; 0.18 V                               ; 0.031 V                              ; 6.58e-10 s                  ; 8.63e-10 s                  ; No                         ; Yes                        ; 2.32 V                      ; 1.95e-08 V                  ; 2.38 V             ; -0.0059 V          ; 0.18 V                              ; 0.031 V                             ; 6.58e-10 s                 ; 8.63e-10 s                 ; No                        ; Yes                       ;
; GPIO0[18]          ; 2.5 V        ; 0 s                 ; 0 s                 ; 2.32 V                       ; 1.95e-08 V                   ; 2.38 V              ; -0.00581 V          ; 0.181 V                              ; 0.03 V                               ; 6.58e-10 s                  ; 8.65e-10 s                  ; No                         ; Yes                        ; 2.32 V                      ; 1.95e-08 V                  ; 2.38 V             ; -0.00581 V         ; 0.181 V                             ; 0.03 V                              ; 6.58e-10 s                 ; 8.65e-10 s                 ; No                        ; Yes                       ;
; GPIO0[19]          ; 2.5 V        ; 0 s                 ; 0 s                 ; 2.32 V                       ; 1.95e-08 V                   ; 2.38 V              ; -0.00581 V          ; 0.181 V                              ; 0.03 V                               ; 6.58e-10 s                  ; 8.65e-10 s                  ; No                         ; Yes                        ; 2.32 V                      ; 1.95e-08 V                  ; 2.38 V             ; -0.00581 V         ; 0.181 V                             ; 0.03 V                              ; 6.58e-10 s                 ; 8.65e-10 s                 ; No                        ; Yes                       ;
; GPIO0[20]          ; 2.5 V        ; 0 s                 ; 0 s                 ; 2.32 V                       ; 1.95e-08 V                   ; 2.38 V              ; -0.00581 V          ; 0.181 V                              ; 0.03 V                               ; 6.58e-10 s                  ; 8.65e-10 s                  ; No                         ; Yes                        ; 2.32 V                      ; 1.95e-08 V                  ; 2.38 V             ; -0.00581 V         ; 0.181 V                             ; 0.03 V                              ; 6.58e-10 s                 ; 8.65e-10 s                 ; No                        ; Yes                       ;
; GPIO0[21]          ; 2.5 V        ; 0 s                 ; 0 s                 ; 2.32 V                       ; 1.95e-08 V                   ; 2.38 V              ; -0.00581 V          ; 0.181 V                              ; 0.03 V                               ; 6.58e-10 s                  ; 8.65e-10 s                  ; No                         ; Yes                        ; 2.32 V                      ; 1.95e-08 V                  ; 2.38 V             ; -0.00581 V         ; 0.181 V                             ; 0.03 V                              ; 6.58e-10 s                 ; 8.65e-10 s                 ; No                        ; Yes                       ;
; GPIO0[22]          ; 2.5 V        ; 0 s                 ; 0 s                 ; 2.32 V                       ; 1.95e-08 V                   ; 2.38 V              ; -0.0059 V           ; 0.18 V                               ; 0.031 V                              ; 6.58e-10 s                  ; 8.63e-10 s                  ; No                         ; Yes                        ; 2.32 V                      ; 1.95e-08 V                  ; 2.38 V             ; -0.0059 V          ; 0.18 V                              ; 0.031 V                             ; 6.58e-10 s                 ; 8.63e-10 s                 ; No                        ; Yes                       ;
; GPIO0[23]          ; 2.5 V        ; 0 s                 ; 0 s                 ; 2.32 V                       ; 1.95e-08 V                   ; 2.38 V              ; -0.00581 V          ; 0.181 V                              ; 0.03 V                               ; 6.58e-10 s                  ; 8.65e-10 s                  ; No                         ; Yes                        ; 2.32 V                      ; 1.95e-08 V                  ; 2.38 V             ; -0.00581 V         ; 0.181 V                             ; 0.03 V                              ; 6.58e-10 s                 ; 8.65e-10 s                 ; No                        ; Yes                       ;
; GPIO0[24]          ; 2.5 V        ; 0 s                 ; 0 s                 ; 2.32 V                       ; 1.95e-08 V                   ; 2.38 V              ; -0.0059 V           ; 0.18 V                               ; 0.031 V                              ; 6.58e-10 s                  ; 8.63e-10 s                  ; No                         ; Yes                        ; 2.32 V                      ; 1.95e-08 V                  ; 2.38 V             ; -0.0059 V          ; 0.18 V                              ; 0.031 V                             ; 6.58e-10 s                 ; 8.63e-10 s                 ; No                        ; Yes                       ;
; GPIO0[25]          ; 2.5 V        ; 0 s                 ; 0 s                 ; 2.32 V                       ; 1.95e-08 V                   ; 2.38 V              ; -0.0059 V           ; 0.18 V                               ; 0.031 V                              ; 6.58e-10 s                  ; 8.63e-10 s                  ; No                         ; Yes                        ; 2.32 V                      ; 1.95e-08 V                  ; 2.38 V             ; -0.0059 V          ; 0.18 V                              ; 0.031 V                             ; 6.58e-10 s                 ; 8.63e-10 s                 ; No                        ; Yes                       ;
; GPIO0[26]          ; 2.5 V        ; 0 s                 ; 0 s                 ; 2.32 V                       ; 1.95e-08 V                   ; 2.38 V              ; -0.00581 V          ; 0.181 V                              ; 0.03 V                               ; 6.58e-10 s                  ; 8.65e-10 s                  ; No                         ; Yes                        ; 2.32 V                      ; 1.95e-08 V                  ; 2.38 V             ; -0.00581 V         ; 0.181 V                             ; 0.03 V                              ; 6.58e-10 s                 ; 8.65e-10 s                 ; No                        ; Yes                       ;
; GPIO0[27]          ; 2.5 V        ; 0 s                 ; 0 s                 ; 2.32 V                       ; 1.95e-08 V                   ; 2.38 V              ; -0.0059 V           ; 0.18 V                               ; 0.031 V                              ; 6.58e-10 s                  ; 8.63e-10 s                  ; No                         ; Yes                        ; 2.32 V                      ; 1.95e-08 V                  ; 2.38 V             ; -0.0059 V          ; 0.18 V                              ; 0.031 V                             ; 6.58e-10 s                 ; 8.63e-10 s                 ; No                        ; Yes                       ;
; GPIO0[28]          ; 2.5 V        ; 0 s                 ; 0 s                 ; 2.32 V                       ; 1.95e-08 V                   ; 2.38 V              ; -0.0059 V           ; 0.18 V                               ; 0.031 V                              ; 6.58e-10 s                  ; 8.63e-10 s                  ; No                         ; Yes                        ; 2.32 V                      ; 1.95e-08 V                  ; 2.38 V             ; -0.0059 V          ; 0.18 V                              ; 0.031 V                             ; 6.58e-10 s                 ; 8.63e-10 s                 ; No                        ; Yes                       ;
; GPIO0[29]          ; 2.5 V        ; 0 s                 ; 0 s                 ; 2.32 V                       ; 1.95e-08 V                   ; 2.38 V              ; -0.00581 V          ; 0.181 V                              ; 0.03 V                               ; 6.58e-10 s                  ; 8.65e-10 s                  ; No                         ; Yes                        ; 2.32 V                      ; 1.95e-08 V                  ; 2.38 V             ; -0.00581 V         ; 0.181 V                             ; 0.03 V                              ; 6.58e-10 s                 ; 8.65e-10 s                 ; No                        ; Yes                       ;
; GPIO0[30]          ; 2.5 V        ; 0 s                 ; 0 s                 ; 2.32 V                       ; 1.95e-08 V                   ; 2.38 V              ; -0.00581 V          ; 0.181 V                              ; 0.03 V                               ; 6.58e-10 s                  ; 8.65e-10 s                  ; No                         ; Yes                        ; 2.32 V                      ; 1.95e-08 V                  ; 2.38 V             ; -0.00581 V         ; 0.181 V                             ; 0.03 V                              ; 6.58e-10 s                 ; 8.65e-10 s                 ; No                        ; Yes                       ;
; GPIO0[31]          ; 2.5 V        ; 0 s                 ; 0 s                 ; 2.32 V                       ; 1.95e-08 V                   ; 2.38 V              ; -0.0059 V           ; 0.18 V                               ; 0.031 V                              ; 6.58e-10 s                  ; 8.63e-10 s                  ; No                         ; Yes                        ; 2.32 V                      ; 1.95e-08 V                  ; 2.38 V             ; -0.0059 V          ; 0.18 V                              ; 0.031 V                             ; 6.58e-10 s                 ; 8.63e-10 s                 ; No                        ; Yes                       ;
; GPIO1[0]           ; 2.5 V        ; 0 s                 ; 0 s                 ; 2.32 V                       ; 1.95e-08 V                   ; 2.38 V              ; -0.00581 V          ; 0.181 V                              ; 0.03 V                               ; 6.58e-10 s                  ; 8.65e-10 s                  ; No                         ; Yes                        ; 2.32 V                      ; 1.95e-08 V                  ; 2.38 V             ; -0.00581 V         ; 0.181 V                             ; 0.03 V                              ; 6.58e-10 s                 ; 8.65e-10 s                 ; No                        ; Yes                       ;
; GPIO1[1]           ; 2.5 V        ; 0 s                 ; 0 s                 ; 2.32 V                       ; 1.95e-08 V                   ; 2.38 V              ; -0.00581 V          ; 0.181 V                              ; 0.03 V                               ; 6.58e-10 s                  ; 8.65e-10 s                  ; No                         ; Yes                        ; 2.32 V                      ; 1.95e-08 V                  ; 2.38 V             ; -0.00581 V         ; 0.181 V                             ; 0.03 V                              ; 6.58e-10 s                 ; 8.65e-10 s                 ; No                        ; Yes                       ;
; GPIO1[2]           ; 2.5 V        ; 0 s                 ; 0 s                 ; 2.32 V                       ; 1.95e-08 V                   ; 2.38 V              ; -0.0059 V           ; 0.18 V                               ; 0.031 V                              ; 6.58e-10 s                  ; 8.63e-10 s                  ; No                         ; Yes                        ; 2.32 V                      ; 1.95e-08 V                  ; 2.38 V             ; -0.0059 V          ; 0.18 V                              ; 0.031 V                             ; 6.58e-10 s                 ; 8.63e-10 s                 ; No                        ; Yes                       ;
; GPIO1[3]           ; 2.5 V        ; 0 s                 ; 0 s                 ; 2.32 V                       ; 1.95e-08 V                   ; 2.38 V              ; -0.00581 V          ; 0.181 V                              ; 0.03 V                               ; 6.58e-10 s                  ; 8.65e-10 s                  ; No                         ; Yes                        ; 2.32 V                      ; 1.95e-08 V                  ; 2.38 V             ; -0.00581 V         ; 0.181 V                             ; 0.03 V                              ; 6.58e-10 s                 ; 8.65e-10 s                 ; No                        ; Yes                       ;
; GPIO1[4]           ; 2.5 V        ; 0 s                 ; 0 s                 ; 2.32 V                       ; 1.95e-08 V                   ; 2.38 V              ; -0.0059 V           ; 0.18 V                               ; 0.031 V                              ; 6.58e-10 s                  ; 8.63e-10 s                  ; No                         ; Yes                        ; 2.32 V                      ; 1.95e-08 V                  ; 2.38 V             ; -0.0059 V          ; 0.18 V                              ; 0.031 V                             ; 6.58e-10 s                 ; 8.63e-10 s                 ; No                        ; Yes                       ;
; GPIO1[5]           ; 2.5 V        ; 0 s                 ; 0 s                 ; 2.32 V                       ; 1.95e-08 V                   ; 2.38 V              ; -0.0059 V           ; 0.18 V                               ; 0.031 V                              ; 6.58e-10 s                  ; 8.63e-10 s                  ; No                         ; Yes                        ; 2.32 V                      ; 1.95e-08 V                  ; 2.38 V             ; -0.0059 V          ; 0.18 V                              ; 0.031 V                             ; 6.58e-10 s                 ; 8.63e-10 s                 ; No                        ; Yes                       ;
; GPIO1[6]           ; 2.5 V        ; 0 s                 ; 0 s                 ; 2.32 V                       ; 1.95e-08 V                   ; 2.38 V              ; -0.00581 V          ; 0.181 V                              ; 0.03 V                               ; 6.58e-10 s                  ; 8.65e-10 s                  ; No                         ; Yes                        ; 2.32 V                      ; 1.95e-08 V                  ; 2.38 V             ; -0.00581 V         ; 0.181 V                             ; 0.03 V                              ; 6.58e-10 s                 ; 8.65e-10 s                 ; No                        ; Yes                       ;
; GPIO1[7]           ; 2.5 V        ; 0 s                 ; 0 s                 ; 2.32 V                       ; 1.95e-08 V                   ; 2.38 V              ; -0.0059 V           ; 0.18 V                               ; 0.031 V                              ; 6.58e-10 s                  ; 8.63e-10 s                  ; No                         ; Yes                        ; 2.32 V                      ; 1.95e-08 V                  ; 2.38 V             ; -0.0059 V          ; 0.18 V                              ; 0.031 V                             ; 6.58e-10 s                 ; 8.63e-10 s                 ; No                        ; Yes                       ;
; GPIO1[8]           ; 2.5 V        ; 0 s                 ; 0 s                 ; 2.32 V                       ; 1.95e-08 V                   ; 2.38 V              ; -0.0059 V           ; 0.18 V                               ; 0.031 V                              ; 6.58e-10 s                  ; 8.63e-10 s                  ; No                         ; Yes                        ; 2.32 V                      ; 1.95e-08 V                  ; 2.38 V             ; -0.0059 V          ; 0.18 V                              ; 0.031 V                             ; 6.58e-10 s                 ; 8.63e-10 s                 ; No                        ; Yes                       ;
; GPIO1[9]           ; 2.5 V        ; 0 s                 ; 0 s                 ; 2.32 V                       ; 1.95e-08 V                   ; 2.38 V              ; -0.00581 V          ; 0.181 V                              ; 0.03 V                               ; 6.58e-10 s                  ; 8.65e-10 s                  ; No                         ; Yes                        ; 2.32 V                      ; 1.95e-08 V                  ; 2.38 V             ; -0.00581 V         ; 0.181 V                             ; 0.03 V                              ; 6.58e-10 s                 ; 8.65e-10 s                 ; No                        ; Yes                       ;
; GPIO1[10]          ; 2.5 V        ; 0 s                 ; 0 s                 ; 2.32 V                       ; 1.95e-08 V                   ; 2.38 V              ; -0.00581 V          ; 0.181 V                              ; 0.03 V                               ; 6.58e-10 s                  ; 8.65e-10 s                  ; No                         ; Yes                        ; 2.32 V                      ; 1.95e-08 V                  ; 2.38 V             ; -0.00581 V         ; 0.181 V                             ; 0.03 V                              ; 6.58e-10 s                 ; 8.65e-10 s                 ; No                        ; Yes                       ;
; GPIO1[11]          ; 2.5 V        ; 0 s                 ; 0 s                 ; 2.32 V                       ; 1.95e-08 V                   ; 2.38 V              ; -0.0059 V           ; 0.18 V                               ; 0.031 V                              ; 6.58e-10 s                  ; 8.63e-10 s                  ; No                         ; Yes                        ; 2.32 V                      ; 1.95e-08 V                  ; 2.38 V             ; -0.0059 V          ; 0.18 V                              ; 0.031 V                             ; 6.58e-10 s                 ; 8.63e-10 s                 ; No                        ; Yes                       ;
; GPIO1[12]          ; 2.5 V        ; 0 s                 ; 0 s                 ; 2.32 V                       ; 1.95e-08 V                   ; 2.38 V              ; -0.0059 V           ; 0.18 V                               ; 0.031 V                              ; 6.58e-10 s                  ; 8.63e-10 s                  ; No                         ; Yes                        ; 2.32 V                      ; 1.95e-08 V                  ; 2.38 V             ; -0.0059 V          ; 0.18 V                              ; 0.031 V                             ; 6.58e-10 s                 ; 8.63e-10 s                 ; No                        ; Yes                       ;
; GPIO1[13]          ; 2.5 V        ; 0 s                 ; 0 s                 ; 2.32 V                       ; 1.95e-08 V                   ; 2.38 V              ; -0.00581 V          ; 0.181 V                              ; 0.03 V                               ; 6.58e-10 s                  ; 8.65e-10 s                  ; No                         ; Yes                        ; 2.32 V                      ; 1.95e-08 V                  ; 2.38 V             ; -0.00581 V         ; 0.181 V                             ; 0.03 V                              ; 6.58e-10 s                 ; 8.65e-10 s                 ; No                        ; Yes                       ;
; GPIO1[14]          ; 2.5 V        ; 0 s                 ; 0 s                 ; 2.32 V                       ; 1.95e-08 V                   ; 2.38 V              ; -0.00581 V          ; 0.181 V                              ; 0.03 V                               ; 6.58e-10 s                  ; 8.65e-10 s                  ; No                         ; Yes                        ; 2.32 V                      ; 1.95e-08 V                  ; 2.38 V             ; -0.00581 V         ; 0.181 V                             ; 0.03 V                              ; 6.58e-10 s                 ; 8.65e-10 s                 ; No                        ; Yes                       ;
; GPIO1[15]          ; 2.5 V        ; 0 s                 ; 0 s                 ; 2.32 V                       ; 1.95e-08 V                   ; 2.38 V              ; -0.0059 V           ; 0.18 V                               ; 0.031 V                              ; 6.58e-10 s                  ; 8.63e-10 s                  ; No                         ; Yes                        ; 2.32 V                      ; 1.95e-08 V                  ; 2.38 V             ; -0.0059 V          ; 0.18 V                              ; 0.031 V                             ; 6.58e-10 s                 ; 8.63e-10 s                 ; No                        ; Yes                       ;
; GPIO1[16]          ; 2.5 V        ; 0 s                 ; 0 s                 ; 2.32 V                       ; 1.95e-08 V                   ; 2.38 V              ; -0.00581 V          ; 0.181 V                              ; 0.03 V                               ; 6.58e-10 s                  ; 8.65e-10 s                  ; No                         ; Yes                        ; 2.32 V                      ; 1.95e-08 V                  ; 2.38 V             ; -0.00581 V         ; 0.181 V                             ; 0.03 V                              ; 6.58e-10 s                 ; 8.65e-10 s                 ; No                        ; Yes                       ;
; GPIO1[17]          ; 2.5 V        ; 0 s                 ; 0 s                 ; 2.32 V                       ; 1.95e-08 V                   ; 2.38 V              ; -0.0059 V           ; 0.18 V                               ; 0.031 V                              ; 6.58e-10 s                  ; 8.63e-10 s                  ; No                         ; Yes                        ; 2.32 V                      ; 1.95e-08 V                  ; 2.38 V             ; -0.0059 V          ; 0.18 V                              ; 0.031 V                             ; 6.58e-10 s                 ; 8.63e-10 s                 ; No                        ; Yes                       ;
; GPIO1[18]          ; 2.5 V        ; 0 s                 ; 0 s                 ; 2.32 V                       ; 1.95e-08 V                   ; 2.38 V              ; -0.00581 V          ; 0.181 V                              ; 0.03 V                               ; 6.58e-10 s                  ; 8.65e-10 s                  ; No                         ; Yes                        ; 2.32 V                      ; 1.95e-08 V                  ; 2.38 V             ; -0.00581 V         ; 0.181 V                             ; 0.03 V                              ; 6.58e-10 s                 ; 8.65e-10 s                 ; No                        ; Yes                       ;
; GPIO1[19]          ; 2.5 V        ; 0 s                 ; 0 s                 ; 2.32 V                       ; 1.95e-08 V                   ; 2.38 V              ; -0.0059 V           ; 0.18 V                               ; 0.031 V                              ; 6.58e-10 s                  ; 8.63e-10 s                  ; No                         ; Yes                        ; 2.32 V                      ; 1.95e-08 V                  ; 2.38 V             ; -0.0059 V          ; 0.18 V                              ; 0.031 V                             ; 6.58e-10 s                 ; 8.63e-10 s                 ; No                        ; Yes                       ;
; GPIO1[20]          ; 2.5 V        ; 0 s                 ; 0 s                 ; 2.32 V                       ; 1.95e-08 V                   ; 2.38 V              ; -0.00581 V          ; 0.181 V                              ; 0.03 V                               ; 6.58e-10 s                  ; 8.65e-10 s                  ; No                         ; Yes                        ; 2.32 V                      ; 1.95e-08 V                  ; 2.38 V             ; -0.00581 V         ; 0.181 V                             ; 0.03 V                              ; 6.58e-10 s                 ; 8.65e-10 s                 ; No                        ; Yes                       ;
; GPIO1[21]          ; 2.5 V        ; 0 s                 ; 0 s                 ; 2.32 V                       ; 1.95e-08 V                   ; 2.38 V              ; -0.00581 V          ; 0.181 V                              ; 0.03 V                               ; 6.58e-10 s                  ; 8.65e-10 s                  ; No                         ; Yes                        ; 2.32 V                      ; 1.95e-08 V                  ; 2.38 V             ; -0.00581 V         ; 0.181 V                             ; 0.03 V                              ; 6.58e-10 s                 ; 8.65e-10 s                 ; No                        ; Yes                       ;
; GPIO1[22]          ; 2.5 V        ; 0 s                 ; 0 s                 ; 2.32 V                       ; 1.95e-08 V                   ; 2.38 V              ; -0.00581 V          ; 0.181 V                              ; 0.03 V                               ; 6.58e-10 s                  ; 8.65e-10 s                  ; No                         ; Yes                        ; 2.32 V                      ; 1.95e-08 V                  ; 2.38 V             ; -0.00581 V         ; 0.181 V                             ; 0.03 V                              ; 6.58e-10 s                 ; 8.65e-10 s                 ; No                        ; Yes                       ;
; GPIO1[23]          ; 2.5 V        ; 0 s                 ; 0 s                 ; 2.32 V                       ; 1.95e-08 V                   ; 2.38 V              ; -0.0059 V           ; 0.18 V                               ; 0.031 V                              ; 6.58e-10 s                  ; 8.63e-10 s                  ; No                         ; Yes                        ; 2.32 V                      ; 1.95e-08 V                  ; 2.38 V             ; -0.0059 V          ; 0.18 V                              ; 0.031 V                             ; 6.58e-10 s                 ; 8.63e-10 s                 ; No                        ; Yes                       ;
; GPIO1[24]          ; 2.5 V        ; 0 s                 ; 0 s                 ; 2.32 V                       ; 1.95e-08 V                   ; 2.38 V              ; -0.0059 V           ; 0.18 V                               ; 0.031 V                              ; 6.58e-10 s                  ; 8.63e-10 s                  ; No                         ; Yes                        ; 2.32 V                      ; 1.95e-08 V                  ; 2.38 V             ; -0.0059 V          ; 0.18 V                              ; 0.031 V                             ; 6.58e-10 s                 ; 8.63e-10 s                 ; No                        ; Yes                       ;
; GPIO1[25]          ; 2.5 V        ; 0 s                 ; 0 s                 ; 2.32 V                       ; 1.95e-08 V                   ; 2.38 V              ; -0.00581 V          ; 0.181 V                              ; 0.03 V                               ; 6.58e-10 s                  ; 8.65e-10 s                  ; No                         ; Yes                        ; 2.32 V                      ; 1.95e-08 V                  ; 2.38 V             ; -0.00581 V         ; 0.181 V                             ; 0.03 V                              ; 6.58e-10 s                 ; 8.65e-10 s                 ; No                        ; Yes                       ;
; GPIO1[26]          ; 2.5 V        ; 0 s                 ; 0 s                 ; 2.32 V                       ; 1.95e-08 V                   ; 2.38 V              ; -0.00581 V          ; 0.181 V                              ; 0.03 V                               ; 6.58e-10 s                  ; 8.65e-10 s                  ; No                         ; Yes                        ; 2.32 V                      ; 1.95e-08 V                  ; 2.38 V             ; -0.00581 V         ; 0.181 V                             ; 0.03 V                              ; 6.58e-10 s                 ; 8.65e-10 s                 ; No                        ; Yes                       ;
; GPIO1[27]          ; 2.5 V        ; 0 s                 ; 0 s                 ; 2.32 V                       ; 1.95e-08 V                   ; 2.38 V              ; -0.00618 V          ; 0.236 V                              ; 0.052 V                              ; 6.89e-10 s                  ; 9.91e-10 s                  ; No                         ; Yes                        ; 2.32 V                      ; 1.95e-08 V                  ; 2.38 V             ; -0.00618 V         ; 0.236 V                             ; 0.052 V                             ; 6.89e-10 s                 ; 9.91e-10 s                 ; No                        ; Yes                       ;
; GPIO1[28]          ; 2.5 V        ; 0 s                 ; 0 s                 ; 2.32 V                       ; 1.95e-08 V                   ; 2.37 V              ; -0.00683 V          ; 0.235 V                              ; 0.051 V                              ; 6.88e-10 s                  ; 9.9e-10 s                   ; No                         ; Yes                        ; 2.32 V                      ; 1.95e-08 V                  ; 2.37 V             ; -0.00683 V         ; 0.235 V                             ; 0.051 V                             ; 6.88e-10 s                 ; 9.9e-10 s                  ; No                        ; Yes                       ;
; GPIO2[0]           ; 2.5 V        ; 0 s                 ; 0 s                 ; 2.32 V                       ; 1.95e-08 V                   ; 2.38 V              ; -0.00581 V          ; 0.181 V                              ; 0.03 V                               ; 6.58e-10 s                  ; 8.65e-10 s                  ; No                         ; Yes                        ; 2.32 V                      ; 1.95e-08 V                  ; 2.38 V             ; -0.00581 V         ; 0.181 V                             ; 0.03 V                              ; 6.58e-10 s                 ; 8.65e-10 s                 ; No                        ; Yes                       ;
; GPIO2[1]           ; 2.5 V        ; 0 s                 ; 0 s                 ; 2.32 V                       ; 1.95e-08 V                   ; 2.38 V              ; -0.0059 V           ; 0.18 V                               ; 0.031 V                              ; 6.58e-10 s                  ; 8.63e-10 s                  ; No                         ; Yes                        ; 2.32 V                      ; 1.95e-08 V                  ; 2.38 V             ; -0.0059 V          ; 0.18 V                              ; 0.031 V                             ; 6.58e-10 s                 ; 8.63e-10 s                 ; No                        ; Yes                       ;
; GPIO2[2]           ; 2.5 V        ; 0 s                 ; 0 s                 ; 2.32 V                       ; 1.95e-08 V                   ; 2.38 V              ; -0.00581 V          ; 0.181 V                              ; 0.03 V                               ; 6.58e-10 s                  ; 8.65e-10 s                  ; No                         ; Yes                        ; 2.32 V                      ; 1.95e-08 V                  ; 2.38 V             ; -0.00581 V         ; 0.181 V                             ; 0.03 V                              ; 6.58e-10 s                 ; 8.65e-10 s                 ; No                        ; Yes                       ;
; GPIO2[3]           ; 2.5 V        ; 0 s                 ; 0 s                 ; 2.32 V                       ; 1.95e-08 V                   ; 2.38 V              ; -0.0059 V           ; 0.18 V                               ; 0.031 V                              ; 6.58e-10 s                  ; 8.63e-10 s                  ; No                         ; Yes                        ; 2.32 V                      ; 1.95e-08 V                  ; 2.38 V             ; -0.0059 V          ; 0.18 V                              ; 0.031 V                             ; 6.58e-10 s                 ; 8.63e-10 s                 ; No                        ; Yes                       ;
; GPIO2[4]           ; 2.5 V        ; 0 s                 ; 0 s                 ; 2.32 V                       ; 1.95e-08 V                   ; 2.38 V              ; -0.00581 V          ; 0.181 V                              ; 0.03 V                               ; 6.58e-10 s                  ; 8.65e-10 s                  ; No                         ; Yes                        ; 2.32 V                      ; 1.95e-08 V                  ; 2.38 V             ; -0.00581 V         ; 0.181 V                             ; 0.03 V                              ; 6.58e-10 s                 ; 8.65e-10 s                 ; No                        ; Yes                       ;
; GPIO2[5]           ; 2.5 V        ; 0 s                 ; 0 s                 ; 2.32 V                       ; 1.95e-08 V                   ; 2.38 V              ; -0.0059 V           ; 0.18 V                               ; 0.031 V                              ; 6.58e-10 s                  ; 8.63e-10 s                  ; No                         ; Yes                        ; 2.32 V                      ; 1.95e-08 V                  ; 2.38 V             ; -0.0059 V          ; 0.18 V                              ; 0.031 V                             ; 6.58e-10 s                 ; 8.63e-10 s                 ; No                        ; Yes                       ;
; GPIO2[6]           ; 2.5 V        ; 0 s                 ; 0 s                 ; 2.32 V                       ; 1.95e-08 V                   ; 2.38 V              ; -0.0059 V           ; 0.18 V                               ; 0.031 V                              ; 6.58e-10 s                  ; 8.63e-10 s                  ; No                         ; Yes                        ; 2.32 V                      ; 1.95e-08 V                  ; 2.38 V             ; -0.0059 V          ; 0.18 V                              ; 0.031 V                             ; 6.58e-10 s                 ; 8.63e-10 s                 ; No                        ; Yes                       ;
; GPIO2[7]           ; 2.5 V        ; 0 s                 ; 0 s                 ; 2.32 V                       ; 1.95e-08 V                   ; 2.38 V              ; -0.0059 V           ; 0.18 V                               ; 0.031 V                              ; 6.58e-10 s                  ; 8.63e-10 s                  ; No                         ; Yes                        ; 2.32 V                      ; 1.95e-08 V                  ; 2.38 V             ; -0.0059 V          ; 0.18 V                              ; 0.031 V                             ; 6.58e-10 s                 ; 8.63e-10 s                 ; No                        ; Yes                       ;
; GPIO2[8]           ; 2.5 V        ; 0 s                 ; 0 s                 ; 2.32 V                       ; 1.95e-08 V                   ; 2.38 V              ; -0.00581 V          ; 0.181 V                              ; 0.03 V                               ; 6.58e-10 s                  ; 8.65e-10 s                  ; No                         ; Yes                        ; 2.32 V                      ; 1.95e-08 V                  ; 2.38 V             ; -0.00581 V         ; 0.181 V                             ; 0.03 V                              ; 6.58e-10 s                 ; 8.65e-10 s                 ; No                        ; Yes                       ;
; GPIO2[9]           ; 2.5 V        ; 0 s                 ; 0 s                 ; 2.32 V                       ; 1.95e-08 V                   ; 2.38 V              ; -0.00581 V          ; 0.181 V                              ; 0.03 V                               ; 6.58e-10 s                  ; 8.65e-10 s                  ; No                         ; Yes                        ; 2.32 V                      ; 1.95e-08 V                  ; 2.38 V             ; -0.00581 V         ; 0.181 V                             ; 0.03 V                              ; 6.58e-10 s                 ; 8.65e-10 s                 ; No                        ; Yes                       ;
; GPIO2[10]          ; 2.5 V        ; 0 s                 ; 0 s                 ; 2.32 V                       ; 1.95e-08 V                   ; 2.38 V              ; -0.0059 V           ; 0.18 V                               ; 0.031 V                              ; 6.58e-10 s                  ; 8.63e-10 s                  ; No                         ; Yes                        ; 2.32 V                      ; 1.95e-08 V                  ; 2.38 V             ; -0.0059 V          ; 0.18 V                              ; 0.031 V                             ; 6.58e-10 s                 ; 8.63e-10 s                 ; No                        ; Yes                       ;
; I2C0_SCL           ; 2.5 V        ; 0 s                 ; 0 s                 ; 2.32 V                       ; 1.95e-08 V                   ; 2.38 V              ; -0.0059 V           ; 0.18 V                               ; 0.031 V                              ; 6.58e-10 s                  ; 8.63e-10 s                  ; No                         ; Yes                        ; 2.32 V                      ; 1.95e-08 V                  ; 2.38 V             ; -0.0059 V          ; 0.18 V                              ; 0.031 V                             ; 6.58e-10 s                 ; 8.63e-10 s                 ; No                        ; Yes                       ;
; I2C0_SDA           ; 2.5 V        ; 0 s                 ; 0 s                 ; 2.32 V                       ; 1.95e-08 V                   ; 2.38 V              ; -0.00618 V          ; 0.236 V                              ; 0.052 V                              ; 6.89e-10 s                  ; 9.91e-10 s                  ; No                         ; Yes                        ; 2.32 V                      ; 1.95e-08 V                  ; 2.38 V             ; -0.00618 V         ; 0.236 V                             ; 0.052 V                             ; 6.89e-10 s                 ; 9.91e-10 s                 ; No                        ; Yes                       ;
; I2C1_SCL           ; 2.5 V        ; 0 s                 ; 0 s                 ; 2.32 V                       ; 1.95e-08 V                   ; 2.38 V              ; -0.0059 V           ; 0.18 V                               ; 0.031 V                              ; 6.58e-10 s                  ; 8.63e-10 s                  ; No                         ; Yes                        ; 2.32 V                      ; 1.95e-08 V                  ; 2.38 V             ; -0.0059 V          ; 0.18 V                              ; 0.031 V                             ; 6.58e-10 s                 ; 8.63e-10 s                 ; No                        ; Yes                       ;
; I2C1_SDA           ; 2.5 V        ; 0 s                 ; 0 s                 ; 2.32 V                       ; 1.95e-08 V                   ; 2.38 V              ; -0.00581 V          ; 0.181 V                              ; 0.03 V                               ; 6.58e-10 s                  ; 8.65e-10 s                  ; No                         ; Yes                        ; 2.32 V                      ; 1.95e-08 V                  ; 2.38 V             ; -0.00581 V         ; 0.181 V                             ; 0.03 V                              ; 6.58e-10 s                 ; 8.65e-10 s                 ; No                        ; Yes                       ;
; SDRAM_DQ[0]        ; 2.5 V        ; 0 s                 ; 0 s                 ; 2.32 V                       ; 1.95e-08 V                   ; 2.38 V              ; -0.00581 V          ; 0.181 V                              ; 0.03 V                               ; 6.58e-10 s                  ; 8.65e-10 s                  ; No                         ; Yes                        ; 2.32 V                      ; 1.95e-08 V                  ; 2.38 V             ; -0.00581 V         ; 0.181 V                             ; 0.03 V                              ; 6.58e-10 s                 ; 8.65e-10 s                 ; No                        ; Yes                       ;
; SDRAM_DQ[1]        ; 2.5 V        ; 0 s                 ; 0 s                 ; 2.32 V                       ; 1.95e-08 V                   ; 2.38 V              ; -0.0059 V           ; 0.18 V                               ; 0.031 V                              ; 6.58e-10 s                  ; 8.63e-10 s                  ; No                         ; Yes                        ; 2.32 V                      ; 1.95e-08 V                  ; 2.38 V             ; -0.0059 V          ; 0.18 V                              ; 0.031 V                             ; 6.58e-10 s                 ; 8.63e-10 s                 ; No                        ; Yes                       ;
; SDRAM_DQ[2]        ; 2.5 V        ; 0 s                 ; 0 s                 ; 2.32 V                       ; 1.95e-08 V                   ; 2.38 V              ; -0.00581 V          ; 0.181 V                              ; 0.03 V                               ; 6.58e-10 s                  ; 8.65e-10 s                  ; No                         ; Yes                        ; 2.32 V                      ; 1.95e-08 V                  ; 2.38 V             ; -0.00581 V         ; 0.181 V                             ; 0.03 V                              ; 6.58e-10 s                 ; 8.65e-10 s                 ; No                        ; Yes                       ;
; SDRAM_DQ[3]        ; 2.5 V        ; 0 s                 ; 0 s                 ; 2.32 V                       ; 1.95e-08 V                   ; 2.38 V              ; -0.0059 V           ; 0.18 V                               ; 0.031 V                              ; 6.58e-10 s                  ; 8.63e-10 s                  ; No                         ; Yes                        ; 2.32 V                      ; 1.95e-08 V                  ; 2.38 V             ; -0.0059 V          ; 0.18 V                              ; 0.031 V                             ; 6.58e-10 s                 ; 8.63e-10 s                 ; No                        ; Yes                       ;
; SDRAM_DQ[4]        ; 2.5 V        ; 0 s                 ; 0 s                 ; 2.32 V                       ; 1.95e-08 V                   ; 2.38 V              ; -0.0059 V           ; 0.18 V                               ; 0.031 V                              ; 6.58e-10 s                  ; 8.63e-10 s                  ; No                         ; Yes                        ; 2.32 V                      ; 1.95e-08 V                  ; 2.38 V             ; -0.0059 V          ; 0.18 V                              ; 0.031 V                             ; 6.58e-10 s                 ; 8.63e-10 s                 ; No                        ; Yes                       ;
; SDRAM_DQ[5]        ; 2.5 V        ; 0 s                 ; 0 s                 ; 2.32 V                       ; 1.95e-08 V                   ; 2.38 V              ; -0.00581 V          ; 0.181 V                              ; 0.03 V                               ; 6.58e-10 s                  ; 8.65e-10 s                  ; No                         ; Yes                        ; 2.32 V                      ; 1.95e-08 V                  ; 2.38 V             ; -0.00581 V         ; 0.181 V                             ; 0.03 V                              ; 6.58e-10 s                 ; 8.65e-10 s                 ; No                        ; Yes                       ;
; SDRAM_DQ[6]        ; 2.5 V        ; 0 s                 ; 0 s                 ; 2.32 V                       ; 1.95e-08 V                   ; 2.38 V              ; -0.00581 V          ; 0.181 V                              ; 0.03 V                               ; 6.58e-10 s                  ; 8.65e-10 s                  ; No                         ; Yes                        ; 2.32 V                      ; 1.95e-08 V                  ; 2.38 V             ; -0.00581 V         ; 0.181 V                             ; 0.03 V                              ; 6.58e-10 s                 ; 8.65e-10 s                 ; No                        ; Yes                       ;
; SDRAM_DQ[7]        ; 2.5 V        ; 0 s                 ; 0 s                 ; 2.32 V                       ; 1.95e-08 V                   ; 2.38 V              ; -0.0059 V           ; 0.18 V                               ; 0.031 V                              ; 6.58e-10 s                  ; 8.63e-10 s                  ; No                         ; Yes                        ; 2.32 V                      ; 1.95e-08 V                  ; 2.38 V             ; -0.0059 V          ; 0.18 V                              ; 0.031 V                             ; 6.58e-10 s                 ; 8.63e-10 s                 ; No                        ; Yes                       ;
; SDRAM_DQ[8]        ; 2.5 V        ; 0 s                 ; 0 s                 ; 2.32 V                       ; 1.95e-08 V                   ; 2.38 V              ; -0.0059 V           ; 0.18 V                               ; 0.031 V                              ; 6.58e-10 s                  ; 8.63e-10 s                  ; No                         ; Yes                        ; 2.32 V                      ; 1.95e-08 V                  ; 2.38 V             ; -0.0059 V          ; 0.18 V                              ; 0.031 V                             ; 6.58e-10 s                 ; 8.63e-10 s                 ; No                        ; Yes                       ;
; SDRAM_DQ[9]        ; 2.5 V        ; 0 s                 ; 0 s                 ; 2.32 V                       ; 1.95e-08 V                   ; 2.38 V              ; -0.0059 V           ; 0.18 V                               ; 0.031 V                              ; 6.58e-10 s                  ; 8.63e-10 s                  ; No                         ; Yes                        ; 2.32 V                      ; 1.95e-08 V                  ; 2.38 V             ; -0.0059 V          ; 0.18 V                              ; 0.031 V                             ; 6.58e-10 s                 ; 8.63e-10 s                 ; No                        ; Yes                       ;
; SDRAM_DQ[10]       ; 2.5 V        ; 0 s                 ; 0 s                 ; 2.32 V                       ; 1.95e-08 V                   ; 2.38 V              ; -0.00581 V          ; 0.181 V                              ; 0.03 V                               ; 6.58e-10 s                  ; 8.65e-10 s                  ; No                         ; Yes                        ; 2.32 V                      ; 1.95e-08 V                  ; 2.38 V             ; -0.00581 V         ; 0.181 V                             ; 0.03 V                              ; 6.58e-10 s                 ; 8.65e-10 s                 ; No                        ; Yes                       ;
; SDRAM_DQ[11]       ; 2.5 V        ; 0 s                 ; 0 s                 ; 2.32 V                       ; 1.95e-08 V                   ; 2.38 V              ; -0.0059 V           ; 0.18 V                               ; 0.031 V                              ; 6.58e-10 s                  ; 8.63e-10 s                  ; No                         ; Yes                        ; 2.32 V                      ; 1.95e-08 V                  ; 2.38 V             ; -0.0059 V          ; 0.18 V                              ; 0.031 V                             ; 6.58e-10 s                 ; 8.63e-10 s                 ; No                        ; Yes                       ;
; SDRAM_DQ[12]       ; 2.5 V        ; 0 s                 ; 0 s                 ; 2.32 V                       ; 1.95e-08 V                   ; 2.38 V              ; -0.0059 V           ; 0.18 V                               ; 0.031 V                              ; 6.58e-10 s                  ; 8.63e-10 s                  ; No                         ; Yes                        ; 2.32 V                      ; 1.95e-08 V                  ; 2.38 V             ; -0.0059 V          ; 0.18 V                              ; 0.031 V                             ; 6.58e-10 s                 ; 8.63e-10 s                 ; No                        ; Yes                       ;
; SDRAM_DQ[13]       ; 2.5 V        ; 0 s                 ; 0 s                 ; 2.32 V                       ; 1.95e-08 V                   ; 2.38 V              ; -0.0059 V           ; 0.18 V                               ; 0.031 V                              ; 6.58e-10 s                  ; 8.63e-10 s                  ; No                         ; Yes                        ; 2.32 V                      ; 1.95e-08 V                  ; 2.38 V             ; -0.0059 V          ; 0.18 V                              ; 0.031 V                             ; 6.58e-10 s                 ; 8.63e-10 s                 ; No                        ; Yes                       ;
; SDRAM_DQ[14]       ; 2.5 V        ; 0 s                 ; 0 s                 ; 2.32 V                       ; 1.95e-08 V                   ; 2.38 V              ; -0.00581 V          ; 0.181 V                              ; 0.03 V                               ; 6.58e-10 s                  ; 8.65e-10 s                  ; No                         ; Yes                        ; 2.32 V                      ; 1.95e-08 V                  ; 2.38 V             ; -0.00581 V         ; 0.181 V                             ; 0.03 V                              ; 6.58e-10 s                 ; 8.65e-10 s                 ; No                        ; Yes                       ;
; SDRAM_DQ[15]       ; 2.5 V        ; 0 s                 ; 0 s                 ; 2.32 V                       ; 1.95e-08 V                   ; 2.38 V              ; -0.00581 V          ; 0.181 V                              ; 0.03 V                               ; 6.58e-10 s                  ; 8.65e-10 s                  ; No                         ; Yes                        ; 2.32 V                      ; 1.95e-08 V                  ; 2.38 V             ; -0.00581 V         ; 0.181 V                             ; 0.03 V                              ; 6.58e-10 s                 ; 8.65e-10 s                 ; No                        ; Yes                       ;
; S_MCS4_DATA[0]     ; 2.5 V        ; 0 s                 ; 0 s                 ; 2.32 V                       ; 1.95e-08 V                   ; 2.38 V              ; -0.0059 V           ; 0.18 V                               ; 0.031 V                              ; 6.58e-10 s                  ; 8.63e-10 s                  ; No                         ; Yes                        ; 2.32 V                      ; 1.95e-08 V                  ; 2.38 V             ; -0.0059 V          ; 0.18 V                              ; 0.031 V                             ; 6.58e-10 s                 ; 8.63e-10 s                 ; No                        ; Yes                       ;
; S_MCS4_DATA[1]     ; 2.5 V        ; 0 s                 ; 0 s                 ; 2.32 V                       ; 1.95e-08 V                   ; 2.38 V              ; -0.00581 V          ; 0.181 V                              ; 0.03 V                               ; 6.58e-10 s                  ; 8.65e-10 s                  ; No                         ; Yes                        ; 2.32 V                      ; 1.95e-08 V                  ; 2.38 V             ; -0.00581 V         ; 0.181 V                             ; 0.03 V                              ; 6.58e-10 s                 ; 8.65e-10 s                 ; No                        ; Yes                       ;
; S_MCS4_DATA[2]     ; 2.5 V        ; 0 s                 ; 0 s                 ; 2.32 V                       ; 1.95e-08 V                   ; 2.38 V              ; -0.00581 V          ; 0.181 V                              ; 0.03 V                               ; 6.58e-10 s                  ; 8.65e-10 s                  ; No                         ; Yes                        ; 2.32 V                      ; 1.95e-08 V                  ; 2.38 V             ; -0.00581 V         ; 0.181 V                             ; 0.03 V                              ; 6.58e-10 s                 ; 8.65e-10 s                 ; No                        ; Yes                       ;
; S_MCS4_DATA[3]     ; 2.5 V        ; 0 s                 ; 0 s                 ; 2.32 V                       ; 1.95e-08 V                   ; 2.38 V              ; -0.00581 V          ; 0.181 V                              ; 0.03 V                               ; 6.58e-10 s                  ; 8.65e-10 s                  ; No                         ; Yes                        ; 2.32 V                      ; 1.95e-08 V                  ; 2.38 V             ; -0.00581 V         ; 0.181 V                             ; 0.03 V                              ; 6.58e-10 s                 ; 8.65e-10 s                 ; No                        ; Yes                       ;
; C_MCS4_DATA[0]     ; 2.5 V        ; 0 s                 ; 0 s                 ; 2.32 V                       ; 1.95e-08 V                   ; 2.38 V              ; -0.00581 V          ; 0.181 V                              ; 0.03 V                               ; 6.58e-10 s                  ; 8.65e-10 s                  ; No                         ; Yes                        ; 2.32 V                      ; 1.95e-08 V                  ; 2.38 V             ; -0.00581 V         ; 0.181 V                             ; 0.03 V                              ; 6.58e-10 s                 ; 8.65e-10 s                 ; No                        ; Yes                       ;
; C_MCS4_DATA[1]     ; 2.5 V        ; 0 s                 ; 0 s                 ; 2.32 V                       ; 1.95e-08 V                   ; 2.37 V              ; -0.00683 V          ; 0.235 V                              ; 0.051 V                              ; 6.88e-10 s                  ; 9.9e-10 s                   ; No                         ; Yes                        ; 2.32 V                      ; 1.95e-08 V                  ; 2.37 V             ; -0.00683 V         ; 0.235 V                             ; 0.051 V                             ; 6.88e-10 s                 ; 9.9e-10 s                  ; No                        ; Yes                       ;
; C_MCS4_DATA[2]     ; 2.5 V        ; 0 s                 ; 0 s                 ; 2.32 V                       ; 1.95e-08 V                   ; 2.38 V              ; -0.0059 V           ; 0.18 V                               ; 0.031 V                              ; 6.58e-10 s                  ; 8.63e-10 s                  ; No                         ; Yes                        ; 2.32 V                      ; 1.95e-08 V                  ; 2.38 V             ; -0.0059 V          ; 0.18 V                              ; 0.031 V                             ; 6.58e-10 s                 ; 8.63e-10 s                 ; No                        ; Yes                       ;
; C_MCS4_DATA[3]     ; 2.5 V        ; 0 s                 ; 0 s                 ; 2.32 V                       ; 1.95e-08 V                   ; 2.38 V              ; -0.00581 V          ; 0.181 V                              ; 0.03 V                               ; 6.58e-10 s                  ; 8.65e-10 s                  ; No                         ; Yes                        ; 2.32 V                      ; 1.95e-08 V                  ; 2.38 V             ; -0.00581 V         ; 0.181 V                             ; 0.03 V                              ; 6.58e-10 s                 ; 8.65e-10 s                 ; No                        ; Yes                       ;
; ~ALTERA_TDO~       ; 2.5 V        ; 0 s                 ; 0 s                 ; 2.32 V                       ; 1.39e-08 V                   ; 2.39 V              ; -0.0409 V           ; 0.211 V                              ; 0.121 V                              ; 4.7e-10 s                   ; 5.93e-10 s                  ; No                         ; Yes                        ; 2.32 V                      ; 1.39e-08 V                  ; 2.39 V             ; -0.0409 V          ; 0.211 V                             ; 0.121 V                             ; 4.7e-10 s                  ; 5.93e-10 s                 ; No                        ; Yes                       ;
+--------------------+--------------+---------------------+---------------------+------------------------------+------------------------------+---------------------+---------------------+--------------------------------------+--------------------------------------+-----------------------------+-----------------------------+----------------------------+----------------------------+-----------------------------+-----------------------------+--------------------+--------------------+-------------------------------------+-------------------------------------+----------------------------+----------------------------+---------------------------+---------------------------+


+-------------------------------------------------------------------------------------------------------------------------------------------------------------------------------------------------------------------------------------------------------------------------------------------------------------------------------------------------------------------------------------------------------------------------------------------------------------------------------------------------------------------------------------------------------------------------------------------------------------------------------------------------------------------------------------------------+
; Signal Integrity Metrics (Slow 1200mv 85c Model)                                                                                                                                                                                                                                                                                                                                                                                                                                                                                                                                                                                                                                                ;
+--------------------+--------------+---------------------+---------------------+------------------------------+------------------------------+---------------------+---------------------+--------------------------------------+--------------------------------------+-----------------------------+-----------------------------+----------------------------+----------------------------+-----------------------------+-----------------------------+--------------------+--------------------+-------------------------------------+-------------------------------------+----------------------------+----------------------------+---------------------------+---------------------------+
; Pin                ; I/O Standard ; Board Delay on Rise ; Board Delay on Fall ; Steady State Voh at FPGA Pin ; Steady State Vol at FPGA Pin ; Voh Max at FPGA Pin ; Vol Min at FPGA Pin ; Ringback Voltage on Rise at FPGA Pin ; Ringback Voltage on Fall at FPGA Pin ; 10-90 Rise Time at FPGA Pin ; 90-10 Fall Time at FPGA Pin ; Monotonic Rise at FPGA Pin ; Monotonic Fall at FPGA Pin ; Steady State Voh at Far-end ; Steady State Vol at Far-end ; Voh Max at Far-end ; Vol Min at Far-end ; Ringback Voltage on Rise at Far-end ; Ringback Voltage on Fall at Far-end ; 10-90 Rise Time at Far-end ; 90-10 Fall Time at Far-end ; Monotonic Rise at Far-end ; Monotonic Fall at Far-end ;
+--------------------+--------------+---------------------+---------------------+------------------------------+------------------------------+---------------------+---------------------+--------------------------------------+--------------------------------------+-----------------------------+-----------------------------+----------------------------+----------------------------+-----------------------------+-----------------------------+--------------------+--------------------+-------------------------------------+-------------------------------------+----------------------------+----------------------------+---------------------------+---------------------------+
; RESOUT_N           ; 2.5 V        ; 0 s                 ; 0 s                 ; 2.32 V                       ; 2.76e-06 V                   ; 2.36 V              ; -0.00279 V          ; 0.143 V                              ; 0.015 V                              ; 8.42e-10 s                  ; 1.06e-09 s                  ; No                         ; Yes                        ; 2.32 V                      ; 2.76e-06 V                  ; 2.36 V             ; -0.00279 V         ; 0.143 V                             ; 0.015 V                             ; 8.42e-10 s                 ; 1.06e-09 s                 ; No                        ; Yes                       ;
; TDO                ; 2.5 V        ; 0 s                 ; 0 s                 ; 2.32 V                       ; 2.76e-06 V                   ; 2.36 V              ; -0.00222 V          ; 0.143 V                              ; 0.015 V                              ; 8.41e-10 s                  ; 1.06e-09 s                  ; No                         ; Yes                        ; 2.32 V                      ; 2.76e-06 V                  ; 2.36 V             ; -0.00222 V         ; 0.143 V                             ; 0.015 V                             ; 8.41e-10 s                 ; 1.06e-09 s                 ; No                        ; Yes                       ;
; TXD                ; 2.5 V        ; 0 s                 ; 0 s                 ; 2.32 V                       ; 2.76e-06 V                   ; 2.36 V              ; -0.00222 V          ; 0.143 V                              ; 0.015 V                              ; 8.41e-10 s                  ; 1.06e-09 s                  ; No                         ; Yes                        ; 2.32 V                      ; 2.76e-06 V                  ; 2.36 V             ; -0.00222 V         ; 0.143 V                             ; 0.015 V                             ; 8.41e-10 s                 ; 1.06e-09 s                 ; No                        ; Yes                       ;
; I2C0_ENA           ; 2.5 V        ; 0 s                 ; 0 s                 ; 2.32 V                       ; 2.76e-06 V                   ; 2.36 V              ; -0.00222 V          ; 0.143 V                              ; 0.015 V                              ; 8.41e-10 s                  ; 1.06e-09 s                  ; No                         ; Yes                        ; 2.32 V                      ; 2.76e-06 V                  ; 2.36 V             ; -0.00222 V         ; 0.143 V                             ; 0.015 V                             ; 8.41e-10 s                 ; 1.06e-09 s                 ; No                        ; Yes                       ;
; I2C0_ADR           ; 2.5 V        ; 0 s                 ; 0 s                 ; 2.32 V                       ; 2.76e-06 V                   ; 2.35 V              ; -0.00325 V          ; 0.194 V                              ; 0.03 V                               ; 8.84e-10 s                  ; 1.2e-09 s                   ; No                         ; Yes                        ; 2.32 V                      ; 2.76e-06 V                  ; 2.35 V             ; -0.00325 V         ; 0.194 V                             ; 0.03 V                              ; 8.84e-10 s                 ; 1.2e-09 s                  ; No                        ; Yes                       ;
; SPI_CSN[0]         ; 2.5 V        ; 0 s                 ; 0 s                 ; 2.32 V                       ; 2.76e-06 V                   ; 2.36 V              ; -0.00222 V          ; 0.143 V                              ; 0.015 V                              ; 8.41e-10 s                  ; 1.06e-09 s                  ; No                         ; Yes                        ; 2.32 V                      ; 2.76e-06 V                  ; 2.36 V             ; -0.00222 V         ; 0.143 V                             ; 0.015 V                             ; 8.41e-10 s                 ; 1.06e-09 s                 ; No                        ; Yes                       ;
; SPI_CSN[1]         ; 2.5 V        ; 0 s                 ; 0 s                 ; 2.32 V                       ; 2.76e-06 V                   ; 2.36 V              ; -0.00306 V          ; 0.194 V                              ; 0.031 V                              ; 8.84e-10 s                  ; 1.2e-09 s                   ; No                         ; Yes                        ; 2.32 V                      ; 2.76e-06 V                  ; 2.36 V             ; -0.00306 V         ; 0.194 V                             ; 0.031 V                             ; 8.84e-10 s                 ; 1.2e-09 s                  ; No                        ; Yes                       ;
; SPI_CSN[2]         ; 2.5 V        ; 0 s                 ; 0 s                 ; 2.32 V                       ; 2.76e-06 V                   ; 2.36 V              ; -0.00222 V          ; 0.143 V                              ; 0.015 V                              ; 8.41e-10 s                  ; 1.06e-09 s                  ; No                         ; Yes                        ; 2.32 V                      ; 2.76e-06 V                  ; 2.36 V             ; -0.00222 V         ; 0.143 V                             ; 0.015 V                             ; 8.41e-10 s                 ; 1.06e-09 s                 ; No                        ; Yes                       ;
; SPI_CSN[3]         ; 2.5 V        ; 0 s                 ; 0 s                 ; 2.32 V                       ; 2.76e-06 V                   ; 2.36 V              ; -0.00279 V          ; 0.143 V                              ; 0.015 V                              ; 8.42e-10 s                  ; 1.06e-09 s                  ; No                         ; Yes                        ; 2.32 V                      ; 2.76e-06 V                  ; 2.36 V             ; -0.00279 V         ; 0.143 V                             ; 0.015 V                             ; 8.42e-10 s                 ; 1.06e-09 s                 ; No                        ; Yes                       ;
; SPI_SCK            ; 2.5 V        ; 0 s                 ; 0 s                 ; 2.32 V                       ; 2.76e-06 V                   ; 2.36 V              ; -0.00279 V          ; 0.143 V                              ; 0.015 V                              ; 8.42e-10 s                  ; 1.06e-09 s                  ; No                         ; Yes                        ; 2.32 V                      ; 2.76e-06 V                  ; 2.36 V             ; -0.00279 V         ; 0.143 V                             ; 0.015 V                             ; 8.42e-10 s                 ; 1.06e-09 s                 ; No                        ; Yes                       ;
; SPI_MOSI           ; 2.5 V        ; 0 s                 ; 0 s                 ; 2.32 V                       ; 2.76e-06 V                   ; 2.36 V              ; -0.00222 V          ; 0.143 V                              ; 0.015 V                              ; 8.41e-10 s                  ; 1.06e-09 s                  ; No                         ; Yes                        ; 2.32 V                      ; 2.76e-06 V                  ; 2.36 V             ; -0.00222 V         ; 0.143 V                             ; 0.015 V                             ; 8.41e-10 s                 ; 1.06e-09 s                 ; No                        ; Yes                       ;
; SDRAM_CLK          ; 2.5 V        ; 0 s                 ; 0 s                 ; 2.32 V                       ; 2.76e-06 V                   ; 2.36 V              ; -0.00279 V          ; 0.143 V                              ; 0.015 V                              ; 8.42e-10 s                  ; 1.06e-09 s                  ; No                         ; Yes                        ; 2.32 V                      ; 2.76e-06 V                  ; 2.36 V             ; -0.00279 V         ; 0.143 V                             ; 0.015 V                             ; 8.42e-10 s                 ; 1.06e-09 s                 ; No                        ; Yes                       ;
; SDRAM_CKE          ; 2.5 V        ; 0 s                 ; 0 s                 ; 2.32 V                       ; 2.76e-06 V                   ; 2.36 V              ; -0.00222 V          ; 0.143 V                              ; 0.015 V                              ; 8.41e-10 s                  ; 1.06e-09 s                  ; No                         ; Yes                        ; 2.32 V                      ; 2.76e-06 V                  ; 2.36 V             ; -0.00222 V         ; 0.143 V                             ; 0.015 V                             ; 8.41e-10 s                 ; 1.06e-09 s                 ; No                        ; Yes                       ;
; SDRAM_CSn          ; 2.5 V        ; 0 s                 ; 0 s                 ; 2.32 V                       ; 2.76e-06 V                   ; 2.36 V              ; -0.00222 V          ; 0.143 V                              ; 0.015 V                              ; 8.41e-10 s                  ; 1.06e-09 s                  ; No                         ; Yes                        ; 2.32 V                      ; 2.76e-06 V                  ; 2.36 V             ; -0.00222 V         ; 0.143 V                             ; 0.015 V                             ; 8.41e-10 s                 ; 1.06e-09 s                 ; No                        ; Yes                       ;
; SDRAM_DQM[0]       ; 2.5 V        ; 0 s                 ; 0 s                 ; 2.32 V                       ; 2.76e-06 V                   ; 2.36 V              ; -0.00222 V          ; 0.143 V                              ; 0.015 V                              ; 8.41e-10 s                  ; 1.06e-09 s                  ; No                         ; Yes                        ; 2.32 V                      ; 2.76e-06 V                  ; 2.36 V             ; -0.00222 V         ; 0.143 V                             ; 0.015 V                             ; 8.41e-10 s                 ; 1.06e-09 s                 ; No                        ; Yes                       ;
; SDRAM_DQM[1]       ; 2.5 V        ; 0 s                 ; 0 s                 ; 2.32 V                       ; 2.76e-06 V                   ; 2.36 V              ; -0.00222 V          ; 0.143 V                              ; 0.015 V                              ; 8.41e-10 s                  ; 1.06e-09 s                  ; No                         ; Yes                        ; 2.32 V                      ; 2.76e-06 V                  ; 2.36 V             ; -0.00222 V         ; 0.143 V                             ; 0.015 V                             ; 8.41e-10 s                 ; 1.06e-09 s                 ; No                        ; Yes                       ;
; SDRAM_RASn         ; 2.5 V        ; 0 s                 ; 0 s                 ; 2.32 V                       ; 2.76e-06 V                   ; 2.36 V              ; -0.00222 V          ; 0.143 V                              ; 0.015 V                              ; 8.41e-10 s                  ; 1.06e-09 s                  ; No                         ; Yes                        ; 2.32 V                      ; 2.76e-06 V                  ; 2.36 V             ; -0.00222 V         ; 0.143 V                             ; 0.015 V                             ; 8.41e-10 s                 ; 1.06e-09 s                 ; No                        ; Yes                       ;
; SDRAM_CASn         ; 2.5 V        ; 0 s                 ; 0 s                 ; 2.32 V                       ; 2.76e-06 V                   ; 2.36 V              ; -0.00279 V          ; 0.143 V                              ; 0.015 V                              ; 8.42e-10 s                  ; 1.06e-09 s                  ; No                         ; Yes                        ; 2.32 V                      ; 2.76e-06 V                  ; 2.36 V             ; -0.00279 V         ; 0.143 V                             ; 0.015 V                             ; 8.42e-10 s                 ; 1.06e-09 s                 ; No                        ; Yes                       ;
; SDRAM_WEn          ; 2.5 V        ; 0 s                 ; 0 s                 ; 2.32 V                       ; 2.76e-06 V                   ; 2.36 V              ; -0.00279 V          ; 0.143 V                              ; 0.015 V                              ; 8.42e-10 s                  ; 1.06e-09 s                  ; No                         ; Yes                        ; 2.32 V                      ; 2.76e-06 V                  ; 2.36 V             ; -0.00279 V         ; 0.143 V                             ; 0.015 V                             ; 8.42e-10 s                 ; 1.06e-09 s                 ; No                        ; Yes                       ;
; SDRAM_BA[0]        ; 2.5 V        ; 0 s                 ; 0 s                 ; 2.32 V                       ; 2.76e-06 V                   ; 2.36 V              ; -0.00279 V          ; 0.143 V                              ; 0.015 V                              ; 8.42e-10 s                  ; 1.06e-09 s                  ; No                         ; Yes                        ; 2.32 V                      ; 2.76e-06 V                  ; 2.36 V             ; -0.00279 V         ; 0.143 V                             ; 0.015 V                             ; 8.42e-10 s                 ; 1.06e-09 s                 ; No                        ; Yes                       ;
; SDRAM_BA[1]        ; 2.5 V        ; 0 s                 ; 0 s                 ; 2.32 V                       ; 2.76e-06 V                   ; 2.36 V              ; -0.00222 V          ; 0.143 V                              ; 0.015 V                              ; 8.41e-10 s                  ; 1.06e-09 s                  ; No                         ; Yes                        ; 2.32 V                      ; 2.76e-06 V                  ; 2.36 V             ; -0.00222 V         ; 0.143 V                             ; 0.015 V                             ; 8.41e-10 s                 ; 1.06e-09 s                 ; No                        ; Yes                       ;
; SDRAM_ADDR[0]      ; 2.5 V        ; 0 s                 ; 0 s                 ; 2.32 V                       ; 2.76e-06 V                   ; 2.36 V              ; -0.00222 V          ; 0.143 V                              ; 0.015 V                              ; 8.41e-10 s                  ; 1.06e-09 s                  ; No                         ; Yes                        ; 2.32 V                      ; 2.76e-06 V                  ; 2.36 V             ; -0.00222 V         ; 0.143 V                             ; 0.015 V                             ; 8.41e-10 s                 ; 1.06e-09 s                 ; No                        ; Yes                       ;
; SDRAM_ADDR[1]      ; 2.5 V        ; 0 s                 ; 0 s                 ; 2.32 V                       ; 2.76e-06 V                   ; 2.36 V              ; -0.00279 V          ; 0.143 V                              ; 0.015 V                              ; 8.42e-10 s                  ; 1.06e-09 s                  ; No                         ; Yes                        ; 2.32 V                      ; 2.76e-06 V                  ; 2.36 V             ; -0.00279 V         ; 0.143 V                             ; 0.015 V                             ; 8.42e-10 s                 ; 1.06e-09 s                 ; No                        ; Yes                       ;
; SDRAM_ADDR[2]      ; 2.5 V        ; 0 s                 ; 0 s                 ; 2.32 V                       ; 2.76e-06 V                   ; 2.36 V              ; -0.00279 V          ; 0.143 V                              ; 0.015 V                              ; 8.42e-10 s                  ; 1.06e-09 s                  ; No                         ; Yes                        ; 2.32 V                      ; 2.76e-06 V                  ; 2.36 V             ; -0.00279 V         ; 0.143 V                             ; 0.015 V                             ; 8.42e-10 s                 ; 1.06e-09 s                 ; No                        ; Yes                       ;
; SDRAM_ADDR[3]      ; 2.5 V        ; 0 s                 ; 0 s                 ; 2.32 V                       ; 2.76e-06 V                   ; 2.36 V              ; -0.00279 V          ; 0.143 V                              ; 0.015 V                              ; 8.42e-10 s                  ; 1.06e-09 s                  ; No                         ; Yes                        ; 2.32 V                      ; 2.76e-06 V                  ; 2.36 V             ; -0.00279 V         ; 0.143 V                             ; 0.015 V                             ; 8.42e-10 s                 ; 1.06e-09 s                 ; No                        ; Yes                       ;
; SDRAM_ADDR[4]      ; 2.5 V        ; 0 s                 ; 0 s                 ; 2.32 V                       ; 2.76e-06 V                   ; 2.36 V              ; -0.00222 V          ; 0.143 V                              ; 0.015 V                              ; 8.41e-10 s                  ; 1.06e-09 s                  ; No                         ; Yes                        ; 2.32 V                      ; 2.76e-06 V                  ; 2.36 V             ; -0.00222 V         ; 0.143 V                             ; 0.015 V                             ; 8.41e-10 s                 ; 1.06e-09 s                 ; No                        ; Yes                       ;
; SDRAM_ADDR[5]      ; 2.5 V        ; 0 s                 ; 0 s                 ; 2.32 V                       ; 2.76e-06 V                   ; 2.36 V              ; -0.00222 V          ; 0.143 V                              ; 0.015 V                              ; 8.41e-10 s                  ; 1.06e-09 s                  ; No                         ; Yes                        ; 2.32 V                      ; 2.76e-06 V                  ; 2.36 V             ; -0.00222 V         ; 0.143 V                             ; 0.015 V                             ; 8.41e-10 s                 ; 1.06e-09 s                 ; No                        ; Yes                       ;
; SDRAM_ADDR[6]      ; 2.5 V        ; 0 s                 ; 0 s                 ; 2.32 V                       ; 2.76e-06 V                   ; 2.36 V              ; -0.00279 V          ; 0.143 V                              ; 0.015 V                              ; 8.42e-10 s                  ; 1.06e-09 s                  ; No                         ; Yes                        ; 2.32 V                      ; 2.76e-06 V                  ; 2.36 V             ; -0.00279 V         ; 0.143 V                             ; 0.015 V                             ; 8.42e-10 s                 ; 1.06e-09 s                 ; No                        ; Yes                       ;
; SDRAM_ADDR[7]      ; 2.5 V        ; 0 s                 ; 0 s                 ; 2.32 V                       ; 2.76e-06 V                   ; 2.36 V              ; -0.00279 V          ; 0.143 V                              ; 0.015 V                              ; 8.42e-10 s                  ; 1.06e-09 s                  ; No                         ; Yes                        ; 2.32 V                      ; 2.76e-06 V                  ; 2.36 V             ; -0.00279 V         ; 0.143 V                             ; 0.015 V                             ; 8.42e-10 s                 ; 1.06e-09 s                 ; No                        ; Yes                       ;
; SDRAM_ADDR[8]      ; 2.5 V        ; 0 s                 ; 0 s                 ; 2.32 V                       ; 2.76e-06 V                   ; 2.36 V              ; -0.00222 V          ; 0.143 V                              ; 0.015 V                              ; 8.41e-10 s                  ; 1.06e-09 s                  ; No                         ; Yes                        ; 2.32 V                      ; 2.76e-06 V                  ; 2.36 V             ; -0.00222 V         ; 0.143 V                             ; 0.015 V                             ; 8.41e-10 s                 ; 1.06e-09 s                 ; No                        ; Yes                       ;
; SDRAM_ADDR[9]      ; 2.5 V        ; 0 s                 ; 0 s                 ; 2.32 V                       ; 2.76e-06 V                   ; 2.36 V              ; -0.00279 V          ; 0.143 V                              ; 0.015 V                              ; 8.42e-10 s                  ; 1.06e-09 s                  ; No                         ; Yes                        ; 2.32 V                      ; 2.76e-06 V                  ; 2.36 V             ; -0.00279 V         ; 0.143 V                             ; 0.015 V                             ; 8.42e-10 s                 ; 1.06e-09 s                 ; No                        ; Yes                       ;
; SDRAM_ADDR[10]     ; 2.5 V        ; 0 s                 ; 0 s                 ; 2.32 V                       ; 2.76e-06 V                   ; 2.36 V              ; -0.00279 V          ; 0.143 V                              ; 0.015 V                              ; 8.42e-10 s                  ; 1.06e-09 s                  ; No                         ; Yes                        ; 2.32 V                      ; 2.76e-06 V                  ; 2.36 V             ; -0.00279 V         ; 0.143 V                             ; 0.015 V                             ; 8.42e-10 s                 ; 1.06e-09 s                 ; No                        ; Yes                       ;
; SDRAM_ADDR[11]     ; 2.5 V        ; 0 s                 ; 0 s                 ; 2.32 V                       ; 2.76e-06 V                   ; 2.36 V              ; -0.00222 V          ; 0.143 V                              ; 0.015 V                              ; 8.41e-10 s                  ; 1.06e-09 s                  ; No                         ; Yes                        ; 2.32 V                      ; 2.76e-06 V                  ; 2.36 V             ; -0.00222 V         ; 0.143 V                             ; 0.015 V                             ; 8.41e-10 s                 ; 1.06e-09 s                 ; No                        ; Yes                       ;
; SDRAM_ADDR[12]     ; 2.5 V        ; 0 s                 ; 0 s                 ; 2.32 V                       ; 2.76e-06 V                   ; 2.36 V              ; -0.00222 V          ; 0.143 V                              ; 0.015 V                              ; 8.41e-10 s                  ; 1.06e-09 s                  ; No                         ; Yes                        ; 2.32 V                      ; 2.76e-06 V                  ; 2.36 V             ; -0.00222 V         ; 0.143 V                             ; 0.015 V                             ; 8.41e-10 s                 ; 1.06e-09 s                 ; No                        ; Yes                       ;
; S_MCS4_CLK         ; 2.5 V        ; 0 s                 ; 0 s                 ; 2.32 V                       ; 2.76e-06 V                   ; 2.35 V              ; -0.00325 V          ; 0.194 V                              ; 0.03 V                               ; 8.84e-10 s                  ; 1.2e-09 s                   ; No                         ; Yes                        ; 2.32 V                      ; 2.76e-06 V                  ; 2.35 V             ; -0.00325 V         ; 0.194 V                             ; 0.03 V                              ; 8.84e-10 s                 ; 1.2e-09 s                  ; No                        ; Yes                       ;
; S_MCS4_RES_N       ; 2.5 V        ; 0 s                 ; 0 s                 ; 2.32 V                       ; 2.76e-06 V                   ; 2.36 V              ; -0.00306 V          ; 0.194 V                              ; 0.031 V                              ; 8.84e-10 s                  ; 1.2e-09 s                   ; No                         ; Yes                        ; 2.32 V                      ; 2.76e-06 V                  ; 2.36 V             ; -0.00306 V         ; 0.194 V                             ; 0.031 V                             ; 8.84e-10 s                 ; 1.2e-09 s                  ; No                        ; Yes                       ;
; S_MCS4_TEST        ; 2.5 V        ; 0 s                 ; 0 s                 ; 2.32 V                       ; 2.76e-06 V                   ; 2.36 V              ; -0.00306 V          ; 0.194 V                              ; 0.031 V                              ; 8.84e-10 s                  ; 1.2e-09 s                   ; No                         ; Yes                        ; 2.32 V                      ; 2.76e-06 V                  ; 2.36 V             ; -0.00306 V         ; 0.194 V                             ; 0.031 V                             ; 8.84e-10 s                 ; 1.2e-09 s                  ; No                        ; Yes                       ;
; C_MCS4_SYNC_N      ; 2.5 V        ; 0 s                 ; 0 s                 ; 2.32 V                       ; 2.76e-06 V                   ; 2.35 V              ; -0.00325 V          ; 0.194 V                              ; 0.03 V                               ; 8.84e-10 s                  ; 1.2e-09 s                   ; No                         ; Yes                        ; 2.32 V                      ; 2.76e-06 V                  ; 2.35 V             ; -0.00325 V         ; 0.194 V                             ; 0.03 V                              ; 8.84e-10 s                 ; 1.2e-09 s                  ; No                        ; Yes                       ;
; C_MCS4_CM_ROM_N    ; 2.5 V        ; 0 s                 ; 0 s                 ; 2.32 V                       ; 2.76e-06 V                   ; 2.36 V              ; -0.00279 V          ; 0.143 V                              ; 0.015 V                              ; 8.42e-10 s                  ; 1.06e-09 s                  ; No                         ; Yes                        ; 2.32 V                      ; 2.76e-06 V                  ; 2.36 V             ; -0.00279 V         ; 0.143 V                             ; 0.015 V                             ; 8.42e-10 s                 ; 1.06e-09 s                 ; No                        ; Yes                       ;
; C_MCS4_CM_RAM_N[0] ; 2.5 V        ; 0 s                 ; 0 s                 ; 2.32 V                       ; 2.76e-06 V                   ; 2.36 V              ; -0.00222 V          ; 0.143 V                              ; 0.015 V                              ; 8.41e-10 s                  ; 1.06e-09 s                  ; No                         ; Yes                        ; 2.32 V                      ; 2.76e-06 V                  ; 2.36 V             ; -0.00222 V         ; 0.143 V                             ; 0.015 V                             ; 8.41e-10 s                 ; 1.06e-09 s                 ; No                        ; Yes                       ;
; C_MCS4_CM_RAM_N[1] ; 2.5 V        ; 0 s                 ; 0 s                 ; 2.32 V                       ; 2.76e-06 V                   ; 2.36 V              ; -0.00279 V          ; 0.143 V                              ; 0.015 V                              ; 8.42e-10 s                  ; 1.06e-09 s                  ; No                         ; Yes                        ; 2.32 V                      ; 2.76e-06 V                  ; 2.36 V             ; -0.00279 V         ; 0.143 V                             ; 0.015 V                             ; 8.42e-10 s                 ; 1.06e-09 s                 ; No                        ; Yes                       ;
; C_MCS4_CM_RAM_N[2] ; 2.5 V        ; 0 s                 ; 0 s                 ; 2.32 V                       ; 2.76e-06 V                   ; 2.36 V              ; -0.00279 V          ; 0.143 V                              ; 0.015 V                              ; 8.42e-10 s                  ; 1.06e-09 s                  ; No                         ; Yes                        ; 2.32 V                      ; 2.76e-06 V                  ; 2.36 V             ; -0.00279 V         ; 0.143 V                             ; 0.015 V                             ; 8.42e-10 s                 ; 1.06e-09 s                 ; No                        ; Yes                       ;
; C_MCS4_CM_RAM_N[3] ; 2.5 V        ; 0 s                 ; 0 s                 ; 2.32 V                       ; 2.76e-06 V                   ; 2.36 V              ; -0.00279 V          ; 0.143 V                              ; 0.015 V                              ; 8.42e-10 s                  ; 1.06e-09 s                  ; No                         ; Yes                        ; 2.32 V                      ; 2.76e-06 V                  ; 2.36 V             ; -0.00279 V         ; 0.143 V                             ; 0.015 V                             ; 8.42e-10 s                 ; 1.06e-09 s                 ; No                        ; Yes                       ;
; GPIO0[0]           ; 2.5 V        ; 0 s                 ; 0 s                 ; 2.32 V                       ; 2.76e-06 V                   ; 2.36 V              ; -0.00279 V          ; 0.143 V                              ; 0.015 V                              ; 8.42e-10 s                  ; 1.06e-09 s                  ; No                         ; Yes                        ; 2.32 V                      ; 2.76e-06 V                  ; 2.36 V             ; -0.00279 V         ; 0.143 V                             ; 0.015 V                             ; 8.42e-10 s                 ; 1.06e-09 s                 ; No                        ; Yes                       ;
; GPIO0[1]           ; 2.5 V        ; 0 s                 ; 0 s                 ; 2.32 V                       ; 2.76e-06 V                   ; 2.36 V              ; -0.00222 V          ; 0.143 V                              ; 0.015 V                              ; 8.41e-10 s                  ; 1.06e-09 s                  ; No                         ; Yes                        ; 2.32 V                      ; 2.76e-06 V                  ; 2.36 V             ; -0.00222 V         ; 0.143 V                             ; 0.015 V                             ; 8.41e-10 s                 ; 1.06e-09 s                 ; No                        ; Yes                       ;
; GPIO0[2]           ; 2.5 V        ; 0 s                 ; 0 s                 ; 2.32 V                       ; 2.76e-06 V                   ; 2.36 V              ; -0.00222 V          ; 0.143 V                              ; 0.015 V                              ; 8.41e-10 s                  ; 1.06e-09 s                  ; No                         ; Yes                        ; 2.32 V                      ; 2.76e-06 V                  ; 2.36 V             ; -0.00222 V         ; 0.143 V                             ; 0.015 V                             ; 8.41e-10 s                 ; 1.06e-09 s                 ; No                        ; Yes                       ;
; GPIO0[3]           ; 2.5 V        ; 0 s                 ; 0 s                 ; 2.32 V                       ; 2.76e-06 V                   ; 2.36 V              ; -0.00279 V          ; 0.143 V                              ; 0.015 V                              ; 8.42e-10 s                  ; 1.06e-09 s                  ; No                         ; Yes                        ; 2.32 V                      ; 2.76e-06 V                  ; 2.36 V             ; -0.00279 V         ; 0.143 V                             ; 0.015 V                             ; 8.42e-10 s                 ; 1.06e-09 s                 ; No                        ; Yes                       ;
; GPIO0[4]           ; 2.5 V        ; 0 s                 ; 0 s                 ; 2.32 V                       ; 2.76e-06 V                   ; 2.36 V              ; -0.00279 V          ; 0.143 V                              ; 0.015 V                              ; 8.42e-10 s                  ; 1.06e-09 s                  ; No                         ; Yes                        ; 2.32 V                      ; 2.76e-06 V                  ; 2.36 V             ; -0.00279 V         ; 0.143 V                             ; 0.015 V                             ; 8.42e-10 s                 ; 1.06e-09 s                 ; No                        ; Yes                       ;
; GPIO0[5]           ; 2.5 V        ; 0 s                 ; 0 s                 ; 2.32 V                       ; 2.76e-06 V                   ; 2.36 V              ; -0.00279 V          ; 0.143 V                              ; 0.015 V                              ; 8.42e-10 s                  ; 1.06e-09 s                  ; No                         ; Yes                        ; 2.32 V                      ; 2.76e-06 V                  ; 2.36 V             ; -0.00279 V         ; 0.143 V                             ; 0.015 V                             ; 8.42e-10 s                 ; 1.06e-09 s                 ; No                        ; Yes                       ;
; GPIO0[6]           ; 2.5 V        ; 0 s                 ; 0 s                 ; 2.32 V                       ; 2.76e-06 V                   ; 2.36 V              ; -0.00222 V          ; 0.143 V                              ; 0.015 V                              ; 8.41e-10 s                  ; 1.06e-09 s                  ; No                         ; Yes                        ; 2.32 V                      ; 2.76e-06 V                  ; 2.36 V             ; -0.00222 V         ; 0.143 V                             ; 0.015 V                             ; 8.41e-10 s                 ; 1.06e-09 s                 ; No                        ; Yes                       ;
; GPIO0[7]           ; 2.5 V        ; 0 s                 ; 0 s                 ; 2.32 V                       ; 2.76e-06 V                   ; 2.36 V              ; -0.00279 V          ; 0.143 V                              ; 0.015 V                              ; 8.42e-10 s                  ; 1.06e-09 s                  ; No                         ; Yes                        ; 2.32 V                      ; 2.76e-06 V                  ; 2.36 V             ; -0.00279 V         ; 0.143 V                             ; 0.015 V                             ; 8.42e-10 s                 ; 1.06e-09 s                 ; No                        ; Yes                       ;
; GPIO0[8]           ; 2.5 V        ; 0 s                 ; 0 s                 ; 2.32 V                       ; 2.76e-06 V                   ; 2.36 V              ; -0.00279 V          ; 0.143 V                              ; 0.015 V                              ; 8.42e-10 s                  ; 1.06e-09 s                  ; No                         ; Yes                        ; 2.32 V                      ; 2.76e-06 V                  ; 2.36 V             ; -0.00279 V         ; 0.143 V                             ; 0.015 V                             ; 8.42e-10 s                 ; 1.06e-09 s                 ; No                        ; Yes                       ;
; GPIO0[9]           ; 2.5 V        ; 0 s                 ; 0 s                 ; 2.32 V                       ; 2.76e-06 V                   ; 2.36 V              ; -0.00279 V          ; 0.143 V                              ; 0.015 V                              ; 8.42e-10 s                  ; 1.06e-09 s                  ; No                         ; Yes                        ; 2.32 V                      ; 2.76e-06 V                  ; 2.36 V             ; -0.00279 V         ; 0.143 V                             ; 0.015 V                             ; 8.42e-10 s                 ; 1.06e-09 s                 ; No                        ; Yes                       ;
; GPIO0[10]          ; 2.5 V        ; 0 s                 ; 0 s                 ; 2.32 V                       ; 2.76e-06 V                   ; 2.36 V              ; -0.00222 V          ; 0.143 V                              ; 0.015 V                              ; 8.41e-10 s                  ; 1.06e-09 s                  ; No                         ; Yes                        ; 2.32 V                      ; 2.76e-06 V                  ; 2.36 V             ; -0.00222 V         ; 0.143 V                             ; 0.015 V                             ; 8.41e-10 s                 ; 1.06e-09 s                 ; No                        ; Yes                       ;
; GPIO0[11]          ; 2.5 V        ; 0 s                 ; 0 s                 ; 2.32 V                       ; 2.76e-06 V                   ; 2.36 V              ; -0.00279 V          ; 0.143 V                              ; 0.015 V                              ; 8.42e-10 s                  ; 1.06e-09 s                  ; No                         ; Yes                        ; 2.32 V                      ; 2.76e-06 V                  ; 2.36 V             ; -0.00279 V         ; 0.143 V                             ; 0.015 V                             ; 8.42e-10 s                 ; 1.06e-09 s                 ; No                        ; Yes                       ;
; GPIO0[12]          ; 2.5 V        ; 0 s                 ; 0 s                 ; 2.32 V                       ; 2.76e-06 V                   ; 2.36 V              ; -0.00222 V          ; 0.143 V                              ; 0.015 V                              ; 8.41e-10 s                  ; 1.06e-09 s                  ; No                         ; Yes                        ; 2.32 V                      ; 2.76e-06 V                  ; 2.36 V             ; -0.00222 V         ; 0.143 V                             ; 0.015 V                             ; 8.41e-10 s                 ; 1.06e-09 s                 ; No                        ; Yes                       ;
; GPIO0[13]          ; 2.5 V        ; 0 s                 ; 0 s                 ; 2.32 V                       ; 2.76e-06 V                   ; 2.36 V              ; -0.00279 V          ; 0.143 V                              ; 0.015 V                              ; 8.42e-10 s                  ; 1.06e-09 s                  ; No                         ; Yes                        ; 2.32 V                      ; 2.76e-06 V                  ; 2.36 V             ; -0.00279 V         ; 0.143 V                             ; 0.015 V                             ; 8.42e-10 s                 ; 1.06e-09 s                 ; No                        ; Yes                       ;
; GPIO0[14]          ; 2.5 V        ; 0 s                 ; 0 s                 ; 2.32 V                       ; 2.76e-06 V                   ; 2.36 V              ; -0.00222 V          ; 0.143 V                              ; 0.015 V                              ; 8.41e-10 s                  ; 1.06e-09 s                  ; No                         ; Yes                        ; 2.32 V                      ; 2.76e-06 V                  ; 2.36 V             ; -0.00222 V         ; 0.143 V                             ; 0.015 V                             ; 8.41e-10 s                 ; 1.06e-09 s                 ; No                        ; Yes                       ;
; GPIO0[15]          ; 2.5 V        ; 0 s                 ; 0 s                 ; 2.32 V                       ; 2.76e-06 V                   ; 2.36 V              ; -0.00222 V          ; 0.143 V                              ; 0.015 V                              ; 8.41e-10 s                  ; 1.06e-09 s                  ; No                         ; Yes                        ; 2.32 V                      ; 2.76e-06 V                  ; 2.36 V             ; -0.00222 V         ; 0.143 V                             ; 0.015 V                             ; 8.41e-10 s                 ; 1.06e-09 s                 ; No                        ; Yes                       ;
; GPIO0[16]          ; 2.5 V        ; 0 s                 ; 0 s                 ; 2.32 V                       ; 2.76e-06 V                   ; 2.36 V              ; -0.00279 V          ; 0.143 V                              ; 0.015 V                              ; 8.42e-10 s                  ; 1.06e-09 s                  ; No                         ; Yes                        ; 2.32 V                      ; 2.76e-06 V                  ; 2.36 V             ; -0.00279 V         ; 0.143 V                             ; 0.015 V                             ; 8.42e-10 s                 ; 1.06e-09 s                 ; No                        ; Yes                       ;
; GPIO0[17]          ; 2.5 V        ; 0 s                 ; 0 s                 ; 2.32 V                       ; 2.76e-06 V                   ; 2.36 V              ; -0.00279 V          ; 0.143 V                              ; 0.015 V                              ; 8.42e-10 s                  ; 1.06e-09 s                  ; No                         ; Yes                        ; 2.32 V                      ; 2.76e-06 V                  ; 2.36 V             ; -0.00279 V         ; 0.143 V                             ; 0.015 V                             ; 8.42e-10 s                 ; 1.06e-09 s                 ; No                        ; Yes                       ;
; GPIO0[18]          ; 2.5 V        ; 0 s                 ; 0 s                 ; 2.32 V                       ; 2.76e-06 V                   ; 2.36 V              ; -0.00222 V          ; 0.143 V                              ; 0.015 V                              ; 8.41e-10 s                  ; 1.06e-09 s                  ; No                         ; Yes                        ; 2.32 V                      ; 2.76e-06 V                  ; 2.36 V             ; -0.00222 V         ; 0.143 V                             ; 0.015 V                             ; 8.41e-10 s                 ; 1.06e-09 s                 ; No                        ; Yes                       ;
; GPIO0[19]          ; 2.5 V        ; 0 s                 ; 0 s                 ; 2.32 V                       ; 2.76e-06 V                   ; 2.36 V              ; -0.00222 V          ; 0.143 V                              ; 0.015 V                              ; 8.41e-10 s                  ; 1.06e-09 s                  ; No                         ; Yes                        ; 2.32 V                      ; 2.76e-06 V                  ; 2.36 V             ; -0.00222 V         ; 0.143 V                             ; 0.015 V                             ; 8.41e-10 s                 ; 1.06e-09 s                 ; No                        ; Yes                       ;
; GPIO0[20]          ; 2.5 V        ; 0 s                 ; 0 s                 ; 2.32 V                       ; 2.76e-06 V                   ; 2.36 V              ; -0.00222 V          ; 0.143 V                              ; 0.015 V                              ; 8.41e-10 s                  ; 1.06e-09 s                  ; No                         ; Yes                        ; 2.32 V                      ; 2.76e-06 V                  ; 2.36 V             ; -0.00222 V         ; 0.143 V                             ; 0.015 V                             ; 8.41e-10 s                 ; 1.06e-09 s                 ; No                        ; Yes                       ;
; GPIO0[21]          ; 2.5 V        ; 0 s                 ; 0 s                 ; 2.32 V                       ; 2.76e-06 V                   ; 2.36 V              ; -0.00222 V          ; 0.143 V                              ; 0.015 V                              ; 8.41e-10 s                  ; 1.06e-09 s                  ; No                         ; Yes                        ; 2.32 V                      ; 2.76e-06 V                  ; 2.36 V             ; -0.00222 V         ; 0.143 V                             ; 0.015 V                             ; 8.41e-10 s                 ; 1.06e-09 s                 ; No                        ; Yes                       ;
; GPIO0[22]          ; 2.5 V        ; 0 s                 ; 0 s                 ; 2.32 V                       ; 2.76e-06 V                   ; 2.36 V              ; -0.00279 V          ; 0.143 V                              ; 0.015 V                              ; 8.42e-10 s                  ; 1.06e-09 s                  ; No                         ; Yes                        ; 2.32 V                      ; 2.76e-06 V                  ; 2.36 V             ; -0.00279 V         ; 0.143 V                             ; 0.015 V                             ; 8.42e-10 s                 ; 1.06e-09 s                 ; No                        ; Yes                       ;
; GPIO0[23]          ; 2.5 V        ; 0 s                 ; 0 s                 ; 2.32 V                       ; 2.76e-06 V                   ; 2.36 V              ; -0.00222 V          ; 0.143 V                              ; 0.015 V                              ; 8.41e-10 s                  ; 1.06e-09 s                  ; No                         ; Yes                        ; 2.32 V                      ; 2.76e-06 V                  ; 2.36 V             ; -0.00222 V         ; 0.143 V                             ; 0.015 V                             ; 8.41e-10 s                 ; 1.06e-09 s                 ; No                        ; Yes                       ;
; GPIO0[24]          ; 2.5 V        ; 0 s                 ; 0 s                 ; 2.32 V                       ; 2.76e-06 V                   ; 2.36 V              ; -0.00279 V          ; 0.143 V                              ; 0.015 V                              ; 8.42e-10 s                  ; 1.06e-09 s                  ; No                         ; Yes                        ; 2.32 V                      ; 2.76e-06 V                  ; 2.36 V             ; -0.00279 V         ; 0.143 V                             ; 0.015 V                             ; 8.42e-10 s                 ; 1.06e-09 s                 ; No                        ; Yes                       ;
; GPIO0[25]          ; 2.5 V        ; 0 s                 ; 0 s                 ; 2.32 V                       ; 2.76e-06 V                   ; 2.36 V              ; -0.00279 V          ; 0.143 V                              ; 0.015 V                              ; 8.42e-10 s                  ; 1.06e-09 s                  ; No                         ; Yes                        ; 2.32 V                      ; 2.76e-06 V                  ; 2.36 V             ; -0.00279 V         ; 0.143 V                             ; 0.015 V                             ; 8.42e-10 s                 ; 1.06e-09 s                 ; No                        ; Yes                       ;
; GPIO0[26]          ; 2.5 V        ; 0 s                 ; 0 s                 ; 2.32 V                       ; 2.76e-06 V                   ; 2.36 V              ; -0.00222 V          ; 0.143 V                              ; 0.015 V                              ; 8.41e-10 s                  ; 1.06e-09 s                  ; No                         ; Yes                        ; 2.32 V                      ; 2.76e-06 V                  ; 2.36 V             ; -0.00222 V         ; 0.143 V                             ; 0.015 V                             ; 8.41e-10 s                 ; 1.06e-09 s                 ; No                        ; Yes                       ;
; GPIO0[27]          ; 2.5 V        ; 0 s                 ; 0 s                 ; 2.32 V                       ; 2.76e-06 V                   ; 2.36 V              ; -0.00279 V          ; 0.143 V                              ; 0.015 V                              ; 8.42e-10 s                  ; 1.06e-09 s                  ; No                         ; Yes                        ; 2.32 V                      ; 2.76e-06 V                  ; 2.36 V             ; -0.00279 V         ; 0.143 V                             ; 0.015 V                             ; 8.42e-10 s                 ; 1.06e-09 s                 ; No                        ; Yes                       ;
; GPIO0[28]          ; 2.5 V        ; 0 s                 ; 0 s                 ; 2.32 V                       ; 2.76e-06 V                   ; 2.36 V              ; -0.00279 V          ; 0.143 V                              ; 0.015 V                              ; 8.42e-10 s                  ; 1.06e-09 s                  ; No                         ; Yes                        ; 2.32 V                      ; 2.76e-06 V                  ; 2.36 V             ; -0.00279 V         ; 0.143 V                             ; 0.015 V                             ; 8.42e-10 s                 ; 1.06e-09 s                 ; No                        ; Yes                       ;
; GPIO0[29]          ; 2.5 V        ; 0 s                 ; 0 s                 ; 2.32 V                       ; 2.76e-06 V                   ; 2.36 V              ; -0.00222 V          ; 0.143 V                              ; 0.015 V                              ; 8.41e-10 s                  ; 1.06e-09 s                  ; No                         ; Yes                        ; 2.32 V                      ; 2.76e-06 V                  ; 2.36 V             ; -0.00222 V         ; 0.143 V                             ; 0.015 V                             ; 8.41e-10 s                 ; 1.06e-09 s                 ; No                        ; Yes                       ;
; GPIO0[30]          ; 2.5 V        ; 0 s                 ; 0 s                 ; 2.32 V                       ; 2.76e-06 V                   ; 2.36 V              ; -0.00222 V          ; 0.143 V                              ; 0.015 V                              ; 8.41e-10 s                  ; 1.06e-09 s                  ; No                         ; Yes                        ; 2.32 V                      ; 2.76e-06 V                  ; 2.36 V             ; -0.00222 V         ; 0.143 V                             ; 0.015 V                             ; 8.41e-10 s                 ; 1.06e-09 s                 ; No                        ; Yes                       ;
; GPIO0[31]          ; 2.5 V        ; 0 s                 ; 0 s                 ; 2.32 V                       ; 2.76e-06 V                   ; 2.36 V              ; -0.00279 V          ; 0.143 V                              ; 0.015 V                              ; 8.42e-10 s                  ; 1.06e-09 s                  ; No                         ; Yes                        ; 2.32 V                      ; 2.76e-06 V                  ; 2.36 V             ; -0.00279 V         ; 0.143 V                             ; 0.015 V                             ; 8.42e-10 s                 ; 1.06e-09 s                 ; No                        ; Yes                       ;
; GPIO1[0]           ; 2.5 V        ; 0 s                 ; 0 s                 ; 2.32 V                       ; 2.76e-06 V                   ; 2.36 V              ; -0.00222 V          ; 0.143 V                              ; 0.015 V                              ; 8.41e-10 s                  ; 1.06e-09 s                  ; No                         ; Yes                        ; 2.32 V                      ; 2.76e-06 V                  ; 2.36 V             ; -0.00222 V         ; 0.143 V                             ; 0.015 V                             ; 8.41e-10 s                 ; 1.06e-09 s                 ; No                        ; Yes                       ;
; GPIO1[1]           ; 2.5 V        ; 0 s                 ; 0 s                 ; 2.32 V                       ; 2.76e-06 V                   ; 2.36 V              ; -0.00222 V          ; 0.143 V                              ; 0.015 V                              ; 8.41e-10 s                  ; 1.06e-09 s                  ; No                         ; Yes                        ; 2.32 V                      ; 2.76e-06 V                  ; 2.36 V             ; -0.00222 V         ; 0.143 V                             ; 0.015 V                             ; 8.41e-10 s                 ; 1.06e-09 s                 ; No                        ; Yes                       ;
; GPIO1[2]           ; 2.5 V        ; 0 s                 ; 0 s                 ; 2.32 V                       ; 2.76e-06 V                   ; 2.36 V              ; -0.00279 V          ; 0.143 V                              ; 0.015 V                              ; 8.42e-10 s                  ; 1.06e-09 s                  ; No                         ; Yes                        ; 2.32 V                      ; 2.76e-06 V                  ; 2.36 V             ; -0.00279 V         ; 0.143 V                             ; 0.015 V                             ; 8.42e-10 s                 ; 1.06e-09 s                 ; No                        ; Yes                       ;
; GPIO1[3]           ; 2.5 V        ; 0 s                 ; 0 s                 ; 2.32 V                       ; 2.76e-06 V                   ; 2.36 V              ; -0.00222 V          ; 0.143 V                              ; 0.015 V                              ; 8.41e-10 s                  ; 1.06e-09 s                  ; No                         ; Yes                        ; 2.32 V                      ; 2.76e-06 V                  ; 2.36 V             ; -0.00222 V         ; 0.143 V                             ; 0.015 V                             ; 8.41e-10 s                 ; 1.06e-09 s                 ; No                        ; Yes                       ;
; GPIO1[4]           ; 2.5 V        ; 0 s                 ; 0 s                 ; 2.32 V                       ; 2.76e-06 V                   ; 2.36 V              ; -0.00279 V          ; 0.143 V                              ; 0.015 V                              ; 8.42e-10 s                  ; 1.06e-09 s                  ; No                         ; Yes                        ; 2.32 V                      ; 2.76e-06 V                  ; 2.36 V             ; -0.00279 V         ; 0.143 V                             ; 0.015 V                             ; 8.42e-10 s                 ; 1.06e-09 s                 ; No                        ; Yes                       ;
; GPIO1[5]           ; 2.5 V        ; 0 s                 ; 0 s                 ; 2.32 V                       ; 2.76e-06 V                   ; 2.36 V              ; -0.00279 V          ; 0.143 V                              ; 0.015 V                              ; 8.42e-10 s                  ; 1.06e-09 s                  ; No                         ; Yes                        ; 2.32 V                      ; 2.76e-06 V                  ; 2.36 V             ; -0.00279 V         ; 0.143 V                             ; 0.015 V                             ; 8.42e-10 s                 ; 1.06e-09 s                 ; No                        ; Yes                       ;
; GPIO1[6]           ; 2.5 V        ; 0 s                 ; 0 s                 ; 2.32 V                       ; 2.76e-06 V                   ; 2.36 V              ; -0.00222 V          ; 0.143 V                              ; 0.015 V                              ; 8.41e-10 s                  ; 1.06e-09 s                  ; No                         ; Yes                        ; 2.32 V                      ; 2.76e-06 V                  ; 2.36 V             ; -0.00222 V         ; 0.143 V                             ; 0.015 V                             ; 8.41e-10 s                 ; 1.06e-09 s                 ; No                        ; Yes                       ;
; GPIO1[7]           ; 2.5 V        ; 0 s                 ; 0 s                 ; 2.32 V                       ; 2.76e-06 V                   ; 2.36 V              ; -0.00279 V          ; 0.143 V                              ; 0.015 V                              ; 8.42e-10 s                  ; 1.06e-09 s                  ; No                         ; Yes                        ; 2.32 V                      ; 2.76e-06 V                  ; 2.36 V             ; -0.00279 V         ; 0.143 V                             ; 0.015 V                             ; 8.42e-10 s                 ; 1.06e-09 s                 ; No                        ; Yes                       ;
; GPIO1[8]           ; 2.5 V        ; 0 s                 ; 0 s                 ; 2.32 V                       ; 2.76e-06 V                   ; 2.36 V              ; -0.00279 V          ; 0.143 V                              ; 0.015 V                              ; 8.42e-10 s                  ; 1.06e-09 s                  ; No                         ; Yes                        ; 2.32 V                      ; 2.76e-06 V                  ; 2.36 V             ; -0.00279 V         ; 0.143 V                             ; 0.015 V                             ; 8.42e-10 s                 ; 1.06e-09 s                 ; No                        ; Yes                       ;
; GPIO1[9]           ; 2.5 V        ; 0 s                 ; 0 s                 ; 2.32 V                       ; 2.76e-06 V                   ; 2.36 V              ; -0.00222 V          ; 0.143 V                              ; 0.015 V                              ; 8.41e-10 s                  ; 1.06e-09 s                  ; No                         ; Yes                        ; 2.32 V                      ; 2.76e-06 V                  ; 2.36 V             ; -0.00222 V         ; 0.143 V                             ; 0.015 V                             ; 8.41e-10 s                 ; 1.06e-09 s                 ; No                        ; Yes                       ;
; GPIO1[10]          ; 2.5 V        ; 0 s                 ; 0 s                 ; 2.32 V                       ; 2.76e-06 V                   ; 2.36 V              ; -0.00222 V          ; 0.143 V                              ; 0.015 V                              ; 8.41e-10 s                  ; 1.06e-09 s                  ; No                         ; Yes                        ; 2.32 V                      ; 2.76e-06 V                  ; 2.36 V             ; -0.00222 V         ; 0.143 V                             ; 0.015 V                             ; 8.41e-10 s                 ; 1.06e-09 s                 ; No                        ; Yes                       ;
; GPIO1[11]          ; 2.5 V        ; 0 s                 ; 0 s                 ; 2.32 V                       ; 2.76e-06 V                   ; 2.36 V              ; -0.00279 V          ; 0.143 V                              ; 0.015 V                              ; 8.42e-10 s                  ; 1.06e-09 s                  ; No                         ; Yes                        ; 2.32 V                      ; 2.76e-06 V                  ; 2.36 V             ; -0.00279 V         ; 0.143 V                             ; 0.015 V                             ; 8.42e-10 s                 ; 1.06e-09 s                 ; No                        ; Yes                       ;
; GPIO1[12]          ; 2.5 V        ; 0 s                 ; 0 s                 ; 2.32 V                       ; 2.76e-06 V                   ; 2.36 V              ; -0.00279 V          ; 0.143 V                              ; 0.015 V                              ; 8.42e-10 s                  ; 1.06e-09 s                  ; No                         ; Yes                        ; 2.32 V                      ; 2.76e-06 V                  ; 2.36 V             ; -0.00279 V         ; 0.143 V                             ; 0.015 V                             ; 8.42e-10 s                 ; 1.06e-09 s                 ; No                        ; Yes                       ;
; GPIO1[13]          ; 2.5 V        ; 0 s                 ; 0 s                 ; 2.32 V                       ; 2.76e-06 V                   ; 2.36 V              ; -0.00222 V          ; 0.143 V                              ; 0.015 V                              ; 8.41e-10 s                  ; 1.06e-09 s                  ; No                         ; Yes                        ; 2.32 V                      ; 2.76e-06 V                  ; 2.36 V             ; -0.00222 V         ; 0.143 V                             ; 0.015 V                             ; 8.41e-10 s                 ; 1.06e-09 s                 ; No                        ; Yes                       ;
; GPIO1[14]          ; 2.5 V        ; 0 s                 ; 0 s                 ; 2.32 V                       ; 2.76e-06 V                   ; 2.36 V              ; -0.00222 V          ; 0.143 V                              ; 0.015 V                              ; 8.41e-10 s                  ; 1.06e-09 s                  ; No                         ; Yes                        ; 2.32 V                      ; 2.76e-06 V                  ; 2.36 V             ; -0.00222 V         ; 0.143 V                             ; 0.015 V                             ; 8.41e-10 s                 ; 1.06e-09 s                 ; No                        ; Yes                       ;
; GPIO1[15]          ; 2.5 V        ; 0 s                 ; 0 s                 ; 2.32 V                       ; 2.76e-06 V                   ; 2.36 V              ; -0.00279 V          ; 0.143 V                              ; 0.015 V                              ; 8.42e-10 s                  ; 1.06e-09 s                  ; No                         ; Yes                        ; 2.32 V                      ; 2.76e-06 V                  ; 2.36 V             ; -0.00279 V         ; 0.143 V                             ; 0.015 V                             ; 8.42e-10 s                 ; 1.06e-09 s                 ; No                        ; Yes                       ;
; GPIO1[16]          ; 2.5 V        ; 0 s                 ; 0 s                 ; 2.32 V                       ; 2.76e-06 V                   ; 2.36 V              ; -0.00222 V          ; 0.143 V                              ; 0.015 V                              ; 8.41e-10 s                  ; 1.06e-09 s                  ; No                         ; Yes                        ; 2.32 V                      ; 2.76e-06 V                  ; 2.36 V             ; -0.00222 V         ; 0.143 V                             ; 0.015 V                             ; 8.41e-10 s                 ; 1.06e-09 s                 ; No                        ; Yes                       ;
; GPIO1[17]          ; 2.5 V        ; 0 s                 ; 0 s                 ; 2.32 V                       ; 2.76e-06 V                   ; 2.36 V              ; -0.00279 V          ; 0.143 V                              ; 0.015 V                              ; 8.42e-10 s                  ; 1.06e-09 s                  ; No                         ; Yes                        ; 2.32 V                      ; 2.76e-06 V                  ; 2.36 V             ; -0.00279 V         ; 0.143 V                             ; 0.015 V                             ; 8.42e-10 s                 ; 1.06e-09 s                 ; No                        ; Yes                       ;
; GPIO1[18]          ; 2.5 V        ; 0 s                 ; 0 s                 ; 2.32 V                       ; 2.76e-06 V                   ; 2.36 V              ; -0.00222 V          ; 0.143 V                              ; 0.015 V                              ; 8.41e-10 s                  ; 1.06e-09 s                  ; No                         ; Yes                        ; 2.32 V                      ; 2.76e-06 V                  ; 2.36 V             ; -0.00222 V         ; 0.143 V                             ; 0.015 V                             ; 8.41e-10 s                 ; 1.06e-09 s                 ; No                        ; Yes                       ;
; GPIO1[19]          ; 2.5 V        ; 0 s                 ; 0 s                 ; 2.32 V                       ; 2.76e-06 V                   ; 2.36 V              ; -0.00279 V          ; 0.143 V                              ; 0.015 V                              ; 8.42e-10 s                  ; 1.06e-09 s                  ; No                         ; Yes                        ; 2.32 V                      ; 2.76e-06 V                  ; 2.36 V             ; -0.00279 V         ; 0.143 V                             ; 0.015 V                             ; 8.42e-10 s                 ; 1.06e-09 s                 ; No                        ; Yes                       ;
; GPIO1[20]          ; 2.5 V        ; 0 s                 ; 0 s                 ; 2.32 V                       ; 2.76e-06 V                   ; 2.36 V              ; -0.00222 V          ; 0.143 V                              ; 0.015 V                              ; 8.41e-10 s                  ; 1.06e-09 s                  ; No                         ; Yes                        ; 2.32 V                      ; 2.76e-06 V                  ; 2.36 V             ; -0.00222 V         ; 0.143 V                             ; 0.015 V                             ; 8.41e-10 s                 ; 1.06e-09 s                 ; No                        ; Yes                       ;
; GPIO1[21]          ; 2.5 V        ; 0 s                 ; 0 s                 ; 2.32 V                       ; 2.76e-06 V                   ; 2.36 V              ; -0.00222 V          ; 0.143 V                              ; 0.015 V                              ; 8.41e-10 s                  ; 1.06e-09 s                  ; No                         ; Yes                        ; 2.32 V                      ; 2.76e-06 V                  ; 2.36 V             ; -0.00222 V         ; 0.143 V                             ; 0.015 V                             ; 8.41e-10 s                 ; 1.06e-09 s                 ; No                        ; Yes                       ;
; GPIO1[22]          ; 2.5 V        ; 0 s                 ; 0 s                 ; 2.32 V                       ; 2.76e-06 V                   ; 2.36 V              ; -0.00222 V          ; 0.143 V                              ; 0.015 V                              ; 8.41e-10 s                  ; 1.06e-09 s                  ; No                         ; Yes                        ; 2.32 V                      ; 2.76e-06 V                  ; 2.36 V             ; -0.00222 V         ; 0.143 V                             ; 0.015 V                             ; 8.41e-10 s                 ; 1.06e-09 s                 ; No                        ; Yes                       ;
; GPIO1[23]          ; 2.5 V        ; 0 s                 ; 0 s                 ; 2.32 V                       ; 2.76e-06 V                   ; 2.36 V              ; -0.00279 V          ; 0.143 V                              ; 0.015 V                              ; 8.42e-10 s                  ; 1.06e-09 s                  ; No                         ; Yes                        ; 2.32 V                      ; 2.76e-06 V                  ; 2.36 V             ; -0.00279 V         ; 0.143 V                             ; 0.015 V                             ; 8.42e-10 s                 ; 1.06e-09 s                 ; No                        ; Yes                       ;
; GPIO1[24]          ; 2.5 V        ; 0 s                 ; 0 s                 ; 2.32 V                       ; 2.76e-06 V                   ; 2.36 V              ; -0.00279 V          ; 0.143 V                              ; 0.015 V                              ; 8.42e-10 s                  ; 1.06e-09 s                  ; No                         ; Yes                        ; 2.32 V                      ; 2.76e-06 V                  ; 2.36 V             ; -0.00279 V         ; 0.143 V                             ; 0.015 V                             ; 8.42e-10 s                 ; 1.06e-09 s                 ; No                        ; Yes                       ;
; GPIO1[25]          ; 2.5 V        ; 0 s                 ; 0 s                 ; 2.32 V                       ; 2.76e-06 V                   ; 2.36 V              ; -0.00222 V          ; 0.143 V                              ; 0.015 V                              ; 8.41e-10 s                  ; 1.06e-09 s                  ; No                         ; Yes                        ; 2.32 V                      ; 2.76e-06 V                  ; 2.36 V             ; -0.00222 V         ; 0.143 V                             ; 0.015 V                             ; 8.41e-10 s                 ; 1.06e-09 s                 ; No                        ; Yes                       ;
; GPIO1[26]          ; 2.5 V        ; 0 s                 ; 0 s                 ; 2.32 V                       ; 2.76e-06 V                   ; 2.36 V              ; -0.00222 V          ; 0.143 V                              ; 0.015 V                              ; 8.41e-10 s                  ; 1.06e-09 s                  ; No                         ; Yes                        ; 2.32 V                      ; 2.76e-06 V                  ; 2.36 V             ; -0.00222 V         ; 0.143 V                             ; 0.015 V                             ; 8.41e-10 s                 ; 1.06e-09 s                 ; No                        ; Yes                       ;
; GPIO1[27]          ; 2.5 V        ; 0 s                 ; 0 s                 ; 2.32 V                       ; 2.76e-06 V                   ; 2.36 V              ; -0.00306 V          ; 0.194 V                              ; 0.031 V                              ; 8.84e-10 s                  ; 1.2e-09 s                   ; No                         ; Yes                        ; 2.32 V                      ; 2.76e-06 V                  ; 2.36 V             ; -0.00306 V         ; 0.194 V                             ; 0.031 V                             ; 8.84e-10 s                 ; 1.2e-09 s                  ; No                        ; Yes                       ;
; GPIO1[28]          ; 2.5 V        ; 0 s                 ; 0 s                 ; 2.32 V                       ; 2.76e-06 V                   ; 2.35 V              ; -0.00325 V          ; 0.194 V                              ; 0.03 V                               ; 8.84e-10 s                  ; 1.2e-09 s                   ; No                         ; Yes                        ; 2.32 V                      ; 2.76e-06 V                  ; 2.35 V             ; -0.00325 V         ; 0.194 V                             ; 0.03 V                              ; 8.84e-10 s                 ; 1.2e-09 s                  ; No                        ; Yes                       ;
; GPIO2[0]           ; 2.5 V        ; 0 s                 ; 0 s                 ; 2.32 V                       ; 2.76e-06 V                   ; 2.36 V              ; -0.00222 V          ; 0.143 V                              ; 0.015 V                              ; 8.41e-10 s                  ; 1.06e-09 s                  ; No                         ; Yes                        ; 2.32 V                      ; 2.76e-06 V                  ; 2.36 V             ; -0.00222 V         ; 0.143 V                             ; 0.015 V                             ; 8.41e-10 s                 ; 1.06e-09 s                 ; No                        ; Yes                       ;
; GPIO2[1]           ; 2.5 V        ; 0 s                 ; 0 s                 ; 2.32 V                       ; 2.76e-06 V                   ; 2.36 V              ; -0.00279 V          ; 0.143 V                              ; 0.015 V                              ; 8.42e-10 s                  ; 1.06e-09 s                  ; No                         ; Yes                        ; 2.32 V                      ; 2.76e-06 V                  ; 2.36 V             ; -0.00279 V         ; 0.143 V                             ; 0.015 V                             ; 8.42e-10 s                 ; 1.06e-09 s                 ; No                        ; Yes                       ;
; GPIO2[2]           ; 2.5 V        ; 0 s                 ; 0 s                 ; 2.32 V                       ; 2.76e-06 V                   ; 2.36 V              ; -0.00222 V          ; 0.143 V                              ; 0.015 V                              ; 8.41e-10 s                  ; 1.06e-09 s                  ; No                         ; Yes                        ; 2.32 V                      ; 2.76e-06 V                  ; 2.36 V             ; -0.00222 V         ; 0.143 V                             ; 0.015 V                             ; 8.41e-10 s                 ; 1.06e-09 s                 ; No                        ; Yes                       ;
; GPIO2[3]           ; 2.5 V        ; 0 s                 ; 0 s                 ; 2.32 V                       ; 2.76e-06 V                   ; 2.36 V              ; -0.00279 V          ; 0.143 V                              ; 0.015 V                              ; 8.42e-10 s                  ; 1.06e-09 s                  ; No                         ; Yes                        ; 2.32 V                      ; 2.76e-06 V                  ; 2.36 V             ; -0.00279 V         ; 0.143 V                             ; 0.015 V                             ; 8.42e-10 s                 ; 1.06e-09 s                 ; No                        ; Yes                       ;
; GPIO2[4]           ; 2.5 V        ; 0 s                 ; 0 s                 ; 2.32 V                       ; 2.76e-06 V                   ; 2.36 V              ; -0.00222 V          ; 0.143 V                              ; 0.015 V                              ; 8.41e-10 s                  ; 1.06e-09 s                  ; No                         ; Yes                        ; 2.32 V                      ; 2.76e-06 V                  ; 2.36 V             ; -0.00222 V         ; 0.143 V                             ; 0.015 V                             ; 8.41e-10 s                 ; 1.06e-09 s                 ; No                        ; Yes                       ;
; GPIO2[5]           ; 2.5 V        ; 0 s                 ; 0 s                 ; 2.32 V                       ; 2.76e-06 V                   ; 2.36 V              ; -0.00279 V          ; 0.143 V                              ; 0.015 V                              ; 8.42e-10 s                  ; 1.06e-09 s                  ; No                         ; Yes                        ; 2.32 V                      ; 2.76e-06 V                  ; 2.36 V             ; -0.00279 V         ; 0.143 V                             ; 0.015 V                             ; 8.42e-10 s                 ; 1.06e-09 s                 ; No                        ; Yes                       ;
; GPIO2[6]           ; 2.5 V        ; 0 s                 ; 0 s                 ; 2.32 V                       ; 2.76e-06 V                   ; 2.36 V              ; -0.00279 V          ; 0.143 V                              ; 0.015 V                              ; 8.42e-10 s                  ; 1.06e-09 s                  ; No                         ; Yes                        ; 2.32 V                      ; 2.76e-06 V                  ; 2.36 V             ; -0.00279 V         ; 0.143 V                             ; 0.015 V                             ; 8.42e-10 s                 ; 1.06e-09 s                 ; No                        ; Yes                       ;
; GPIO2[7]           ; 2.5 V        ; 0 s                 ; 0 s                 ; 2.32 V                       ; 2.76e-06 V                   ; 2.36 V              ; -0.00279 V          ; 0.143 V                              ; 0.015 V                              ; 8.42e-10 s                  ; 1.06e-09 s                  ; No                         ; Yes                        ; 2.32 V                      ; 2.76e-06 V                  ; 2.36 V             ; -0.00279 V         ; 0.143 V                             ; 0.015 V                             ; 8.42e-10 s                 ; 1.06e-09 s                 ; No                        ; Yes                       ;
; GPIO2[8]           ; 2.5 V        ; 0 s                 ; 0 s                 ; 2.32 V                       ; 2.76e-06 V                   ; 2.36 V              ; -0.00222 V          ; 0.143 V                              ; 0.015 V                              ; 8.41e-10 s                  ; 1.06e-09 s                  ; No                         ; Yes                        ; 2.32 V                      ; 2.76e-06 V                  ; 2.36 V             ; -0.00222 V         ; 0.143 V                             ; 0.015 V                             ; 8.41e-10 s                 ; 1.06e-09 s                 ; No                        ; Yes                       ;
; GPIO2[9]           ; 2.5 V        ; 0 s                 ; 0 s                 ; 2.32 V                       ; 2.76e-06 V                   ; 2.36 V              ; -0.00222 V          ; 0.143 V                              ; 0.015 V                              ; 8.41e-10 s                  ; 1.06e-09 s                  ; No                         ; Yes                        ; 2.32 V                      ; 2.76e-06 V                  ; 2.36 V             ; -0.00222 V         ; 0.143 V                             ; 0.015 V                             ; 8.41e-10 s                 ; 1.06e-09 s                 ; No                        ; Yes                       ;
; GPIO2[10]          ; 2.5 V        ; 0 s                 ; 0 s                 ; 2.32 V                       ; 2.76e-06 V                   ; 2.36 V              ; -0.00279 V          ; 0.143 V                              ; 0.015 V                              ; 8.42e-10 s                  ; 1.06e-09 s                  ; No                         ; Yes                        ; 2.32 V                      ; 2.76e-06 V                  ; 2.36 V             ; -0.00279 V         ; 0.143 V                             ; 0.015 V                             ; 8.42e-10 s                 ; 1.06e-09 s                 ; No                        ; Yes                       ;
; I2C0_SCL           ; 2.5 V        ; 0 s                 ; 0 s                 ; 2.32 V                       ; 2.76e-06 V                   ; 2.36 V              ; -0.00279 V          ; 0.143 V                              ; 0.015 V                              ; 8.42e-10 s                  ; 1.06e-09 s                  ; No                         ; Yes                        ; 2.32 V                      ; 2.76e-06 V                  ; 2.36 V             ; -0.00279 V         ; 0.143 V                             ; 0.015 V                             ; 8.42e-10 s                 ; 1.06e-09 s                 ; No                        ; Yes                       ;
; I2C0_SDA           ; 2.5 V        ; 0 s                 ; 0 s                 ; 2.32 V                       ; 2.76e-06 V                   ; 2.36 V              ; -0.00306 V          ; 0.194 V                              ; 0.031 V                              ; 8.84e-10 s                  ; 1.2e-09 s                   ; No                         ; Yes                        ; 2.32 V                      ; 2.76e-06 V                  ; 2.36 V             ; -0.00306 V         ; 0.194 V                             ; 0.031 V                             ; 8.84e-10 s                 ; 1.2e-09 s                  ; No                        ; Yes                       ;
; I2C1_SCL           ; 2.5 V        ; 0 s                 ; 0 s                 ; 2.32 V                       ; 2.76e-06 V                   ; 2.36 V              ; -0.00279 V          ; 0.143 V                              ; 0.015 V                              ; 8.42e-10 s                  ; 1.06e-09 s                  ; No                         ; Yes                        ; 2.32 V                      ; 2.76e-06 V                  ; 2.36 V             ; -0.00279 V         ; 0.143 V                             ; 0.015 V                             ; 8.42e-10 s                 ; 1.06e-09 s                 ; No                        ; Yes                       ;
; I2C1_SDA           ; 2.5 V        ; 0 s                 ; 0 s                 ; 2.32 V                       ; 2.76e-06 V                   ; 2.36 V              ; -0.00222 V          ; 0.143 V                              ; 0.015 V                              ; 8.41e-10 s                  ; 1.06e-09 s                  ; No                         ; Yes                        ; 2.32 V                      ; 2.76e-06 V                  ; 2.36 V             ; -0.00222 V         ; 0.143 V                             ; 0.015 V                             ; 8.41e-10 s                 ; 1.06e-09 s                 ; No                        ; Yes                       ;
; SDRAM_DQ[0]        ; 2.5 V        ; 0 s                 ; 0 s                 ; 2.32 V                       ; 2.76e-06 V                   ; 2.36 V              ; -0.00222 V          ; 0.143 V                              ; 0.015 V                              ; 8.41e-10 s                  ; 1.06e-09 s                  ; No                         ; Yes                        ; 2.32 V                      ; 2.76e-06 V                  ; 2.36 V             ; -0.00222 V         ; 0.143 V                             ; 0.015 V                             ; 8.41e-10 s                 ; 1.06e-09 s                 ; No                        ; Yes                       ;
; SDRAM_DQ[1]        ; 2.5 V        ; 0 s                 ; 0 s                 ; 2.32 V                       ; 2.76e-06 V                   ; 2.36 V              ; -0.00279 V          ; 0.143 V                              ; 0.015 V                              ; 8.42e-10 s                  ; 1.06e-09 s                  ; No                         ; Yes                        ; 2.32 V                      ; 2.76e-06 V                  ; 2.36 V             ; -0.00279 V         ; 0.143 V                             ; 0.015 V                             ; 8.42e-10 s                 ; 1.06e-09 s                 ; No                        ; Yes                       ;
; SDRAM_DQ[2]        ; 2.5 V        ; 0 s                 ; 0 s                 ; 2.32 V                       ; 2.76e-06 V                   ; 2.36 V              ; -0.00222 V          ; 0.143 V                              ; 0.015 V                              ; 8.41e-10 s                  ; 1.06e-09 s                  ; No                         ; Yes                        ; 2.32 V                      ; 2.76e-06 V                  ; 2.36 V             ; -0.00222 V         ; 0.143 V                             ; 0.015 V                             ; 8.41e-10 s                 ; 1.06e-09 s                 ; No                        ; Yes                       ;
; SDRAM_DQ[3]        ; 2.5 V        ; 0 s                 ; 0 s                 ; 2.32 V                       ; 2.76e-06 V                   ; 2.36 V              ; -0.00279 V          ; 0.143 V                              ; 0.015 V                              ; 8.42e-10 s                  ; 1.06e-09 s                  ; No                         ; Yes                        ; 2.32 V                      ; 2.76e-06 V                  ; 2.36 V             ; -0.00279 V         ; 0.143 V                             ; 0.015 V                             ; 8.42e-10 s                 ; 1.06e-09 s                 ; No                        ; Yes                       ;
; SDRAM_DQ[4]        ; 2.5 V        ; 0 s                 ; 0 s                 ; 2.32 V                       ; 2.76e-06 V                   ; 2.36 V              ; -0.00279 V          ; 0.143 V                              ; 0.015 V                              ; 8.42e-10 s                  ; 1.06e-09 s                  ; No                         ; Yes                        ; 2.32 V                      ; 2.76e-06 V                  ; 2.36 V             ; -0.00279 V         ; 0.143 V                             ; 0.015 V                             ; 8.42e-10 s                 ; 1.06e-09 s                 ; No                        ; Yes                       ;
; SDRAM_DQ[5]        ; 2.5 V        ; 0 s                 ; 0 s                 ; 2.32 V                       ; 2.76e-06 V                   ; 2.36 V              ; -0.00222 V          ; 0.143 V                              ; 0.015 V                              ; 8.41e-10 s                  ; 1.06e-09 s                  ; No                         ; Yes                        ; 2.32 V                      ; 2.76e-06 V                  ; 2.36 V             ; -0.00222 V         ; 0.143 V                             ; 0.015 V                             ; 8.41e-10 s                 ; 1.06e-09 s                 ; No                        ; Yes                       ;
; SDRAM_DQ[6]        ; 2.5 V        ; 0 s                 ; 0 s                 ; 2.32 V                       ; 2.76e-06 V                   ; 2.36 V              ; -0.00222 V          ; 0.143 V                              ; 0.015 V                              ; 8.41e-10 s                  ; 1.06e-09 s                  ; No                         ; Yes                        ; 2.32 V                      ; 2.76e-06 V                  ; 2.36 V             ; -0.00222 V         ; 0.143 V                             ; 0.015 V                             ; 8.41e-10 s                 ; 1.06e-09 s                 ; No                        ; Yes                       ;
; SDRAM_DQ[7]        ; 2.5 V        ; 0 s                 ; 0 s                 ; 2.32 V                       ; 2.76e-06 V                   ; 2.36 V              ; -0.00279 V          ; 0.143 V                              ; 0.015 V                              ; 8.42e-10 s                  ; 1.06e-09 s                  ; No                         ; Yes                        ; 2.32 V                      ; 2.76e-06 V                  ; 2.36 V             ; -0.00279 V         ; 0.143 V                             ; 0.015 V                             ; 8.42e-10 s                 ; 1.06e-09 s                 ; No                        ; Yes                       ;
; SDRAM_DQ[8]        ; 2.5 V        ; 0 s                 ; 0 s                 ; 2.32 V                       ; 2.76e-06 V                   ; 2.36 V              ; -0.00279 V          ; 0.143 V                              ; 0.015 V                              ; 8.42e-10 s                  ; 1.06e-09 s                  ; No                         ; Yes                        ; 2.32 V                      ; 2.76e-06 V                  ; 2.36 V             ; -0.00279 V         ; 0.143 V                             ; 0.015 V                             ; 8.42e-10 s                 ; 1.06e-09 s                 ; No                        ; Yes                       ;
; SDRAM_DQ[9]        ; 2.5 V        ; 0 s                 ; 0 s                 ; 2.32 V                       ; 2.76e-06 V                   ; 2.36 V              ; -0.00279 V          ; 0.143 V                              ; 0.015 V                              ; 8.42e-10 s                  ; 1.06e-09 s                  ; No                         ; Yes                        ; 2.32 V                      ; 2.76e-06 V                  ; 2.36 V             ; -0.00279 V         ; 0.143 V                             ; 0.015 V                             ; 8.42e-10 s                 ; 1.06e-09 s                 ; No                        ; Yes                       ;
; SDRAM_DQ[10]       ; 2.5 V        ; 0 s                 ; 0 s                 ; 2.32 V                       ; 2.76e-06 V                   ; 2.36 V              ; -0.00222 V          ; 0.143 V                              ; 0.015 V                              ; 8.41e-10 s                  ; 1.06e-09 s                  ; No                         ; Yes                        ; 2.32 V                      ; 2.76e-06 V                  ; 2.36 V             ; -0.00222 V         ; 0.143 V                             ; 0.015 V                             ; 8.41e-10 s                 ; 1.06e-09 s                 ; No                        ; Yes                       ;
; SDRAM_DQ[11]       ; 2.5 V        ; 0 s                 ; 0 s                 ; 2.32 V                       ; 2.76e-06 V                   ; 2.36 V              ; -0.00279 V          ; 0.143 V                              ; 0.015 V                              ; 8.42e-10 s                  ; 1.06e-09 s                  ; No                         ; Yes                        ; 2.32 V                      ; 2.76e-06 V                  ; 2.36 V             ; -0.00279 V         ; 0.143 V                             ; 0.015 V                             ; 8.42e-10 s                 ; 1.06e-09 s                 ; No                        ; Yes                       ;
; SDRAM_DQ[12]       ; 2.5 V        ; 0 s                 ; 0 s                 ; 2.32 V                       ; 2.76e-06 V                   ; 2.36 V              ; -0.00279 V          ; 0.143 V                              ; 0.015 V                              ; 8.42e-10 s                  ; 1.06e-09 s                  ; No                         ; Yes                        ; 2.32 V                      ; 2.76e-06 V                  ; 2.36 V             ; -0.00279 V         ; 0.143 V                             ; 0.015 V                             ; 8.42e-10 s                 ; 1.06e-09 s                 ; No                        ; Yes                       ;
; SDRAM_DQ[13]       ; 2.5 V        ; 0 s                 ; 0 s                 ; 2.32 V                       ; 2.76e-06 V                   ; 2.36 V              ; -0.00279 V          ; 0.143 V                              ; 0.015 V                              ; 8.42e-10 s                  ; 1.06e-09 s                  ; No                         ; Yes                        ; 2.32 V                      ; 2.76e-06 V                  ; 2.36 V             ; -0.00279 V         ; 0.143 V                             ; 0.015 V                             ; 8.42e-10 s                 ; 1.06e-09 s                 ; No                        ; Yes                       ;
; SDRAM_DQ[14]       ; 2.5 V        ; 0 s                 ; 0 s                 ; 2.32 V                       ; 2.76e-06 V                   ; 2.36 V              ; -0.00222 V          ; 0.143 V                              ; 0.015 V                              ; 8.41e-10 s                  ; 1.06e-09 s                  ; No                         ; Yes                        ; 2.32 V                      ; 2.76e-06 V                  ; 2.36 V             ; -0.00222 V         ; 0.143 V                             ; 0.015 V                             ; 8.41e-10 s                 ; 1.06e-09 s                 ; No                        ; Yes                       ;
; SDRAM_DQ[15]       ; 2.5 V        ; 0 s                 ; 0 s                 ; 2.32 V                       ; 2.76e-06 V                   ; 2.36 V              ; -0.00222 V          ; 0.143 V                              ; 0.015 V                              ; 8.41e-10 s                  ; 1.06e-09 s                  ; No                         ; Yes                        ; 2.32 V                      ; 2.76e-06 V                  ; 2.36 V             ; -0.00222 V         ; 0.143 V                             ; 0.015 V                             ; 8.41e-10 s                 ; 1.06e-09 s                 ; No                        ; Yes                       ;
; S_MCS4_DATA[0]     ; 2.5 V        ; 0 s                 ; 0 s                 ; 2.32 V                       ; 2.76e-06 V                   ; 2.36 V              ; -0.00279 V          ; 0.143 V                              ; 0.015 V                              ; 8.42e-10 s                  ; 1.06e-09 s                  ; No                         ; Yes                        ; 2.32 V                      ; 2.76e-06 V                  ; 2.36 V             ; -0.00279 V         ; 0.143 V                             ; 0.015 V                             ; 8.42e-10 s                 ; 1.06e-09 s                 ; No                        ; Yes                       ;
; S_MCS4_DATA[1]     ; 2.5 V        ; 0 s                 ; 0 s                 ; 2.32 V                       ; 2.76e-06 V                   ; 2.36 V              ; -0.00222 V          ; 0.143 V                              ; 0.015 V                              ; 8.41e-10 s                  ; 1.06e-09 s                  ; No                         ; Yes                        ; 2.32 V                      ; 2.76e-06 V                  ; 2.36 V             ; -0.00222 V         ; 0.143 V                             ; 0.015 V                             ; 8.41e-10 s                 ; 1.06e-09 s                 ; No                        ; Yes                       ;
; S_MCS4_DATA[2]     ; 2.5 V        ; 0 s                 ; 0 s                 ; 2.32 V                       ; 2.76e-06 V                   ; 2.36 V              ; -0.00222 V          ; 0.143 V                              ; 0.015 V                              ; 8.41e-10 s                  ; 1.06e-09 s                  ; No                         ; Yes                        ; 2.32 V                      ; 2.76e-06 V                  ; 2.36 V             ; -0.00222 V         ; 0.143 V                             ; 0.015 V                             ; 8.41e-10 s                 ; 1.06e-09 s                 ; No                        ; Yes                       ;
; S_MCS4_DATA[3]     ; 2.5 V        ; 0 s                 ; 0 s                 ; 2.32 V                       ; 2.76e-06 V                   ; 2.36 V              ; -0.00222 V          ; 0.143 V                              ; 0.015 V                              ; 8.41e-10 s                  ; 1.06e-09 s                  ; No                         ; Yes                        ; 2.32 V                      ; 2.76e-06 V                  ; 2.36 V             ; -0.00222 V         ; 0.143 V                             ; 0.015 V                             ; 8.41e-10 s                 ; 1.06e-09 s                 ; No                        ; Yes                       ;
; C_MCS4_DATA[0]     ; 2.5 V        ; 0 s                 ; 0 s                 ; 2.32 V                       ; 2.76e-06 V                   ; 2.36 V              ; -0.00222 V          ; 0.143 V                              ; 0.015 V                              ; 8.41e-10 s                  ; 1.06e-09 s                  ; No                         ; Yes                        ; 2.32 V                      ; 2.76e-06 V                  ; 2.36 V             ; -0.00222 V         ; 0.143 V                             ; 0.015 V                             ; 8.41e-10 s                 ; 1.06e-09 s                 ; No                        ; Yes                       ;
; C_MCS4_DATA[1]     ; 2.5 V        ; 0 s                 ; 0 s                 ; 2.32 V                       ; 2.76e-06 V                   ; 2.35 V              ; -0.00325 V          ; 0.194 V                              ; 0.03 V                               ; 8.84e-10 s                  ; 1.2e-09 s                   ; No                         ; Yes                        ; 2.32 V                      ; 2.76e-06 V                  ; 2.35 V             ; -0.00325 V         ; 0.194 V                             ; 0.03 V                              ; 8.84e-10 s                 ; 1.2e-09 s                  ; No                        ; Yes                       ;
; C_MCS4_DATA[2]     ; 2.5 V        ; 0 s                 ; 0 s                 ; 2.32 V                       ; 2.76e-06 V                   ; 2.36 V              ; -0.00279 V          ; 0.143 V                              ; 0.015 V                              ; 8.42e-10 s                  ; 1.06e-09 s                  ; No                         ; Yes                        ; 2.32 V                      ; 2.76e-06 V                  ; 2.36 V             ; -0.00279 V         ; 0.143 V                             ; 0.015 V                             ; 8.42e-10 s                 ; 1.06e-09 s                 ; No                        ; Yes                       ;
; C_MCS4_DATA[3]     ; 2.5 V        ; 0 s                 ; 0 s                 ; 2.32 V                       ; 2.76e-06 V                   ; 2.36 V              ; -0.00222 V          ; 0.143 V                              ; 0.015 V                              ; 8.41e-10 s                  ; 1.06e-09 s                  ; No                         ; Yes                        ; 2.32 V                      ; 2.76e-06 V                  ; 2.36 V             ; -0.00222 V         ; 0.143 V                             ; 0.015 V                             ; 8.41e-10 s                 ; 1.06e-09 s                 ; No                        ; Yes                       ;
; ~ALTERA_TDO~       ; 2.5 V        ; 0 s                 ; 0 s                 ; 2.32 V                       ; 1.97e-06 V                   ; 2.36 V              ; -0.0173 V           ; 0.144 V                              ; 0.094 V                              ; 6.44e-10 s                  ; 7.2e-10 s                   ; No                         ; Yes                        ; 2.32 V                      ; 1.97e-06 V                  ; 2.36 V             ; -0.0173 V          ; 0.144 V                             ; 0.094 V                             ; 6.44e-10 s                 ; 7.2e-10 s                  ; No                        ; Yes                       ;
+--------------------+--------------+---------------------+---------------------+------------------------------+------------------------------+---------------------+---------------------+--------------------------------------+--------------------------------------+-----------------------------+-----------------------------+----------------------------+----------------------------+-----------------------------+-----------------------------+--------------------+--------------------+-------------------------------------+-------------------------------------+----------------------------+----------------------------+---------------------------+---------------------------+


+-------------------------------------------------------------------------------------------------------------------------------------------------------------------------------------------------------------------------------------------------------------------------------------------------------------------------------------------------------------------------------------------------------------------------------------------------------------------------------------------------------------------------------------------------------------------------------------------------------------------------------------------------------------------------------------------------+
; Signal Integrity Metrics (Fast 1200mv 0c Model)                                                                                                                                                                                                                                                                                                                                                                                                                                                                                                                                                                                                                                                 ;
+--------------------+--------------+---------------------+---------------------+------------------------------+------------------------------+---------------------+---------------------+--------------------------------------+--------------------------------------+-----------------------------+-----------------------------+----------------------------+----------------------------+-----------------------------+-----------------------------+--------------------+--------------------+-------------------------------------+-------------------------------------+----------------------------+----------------------------+---------------------------+---------------------------+
; Pin                ; I/O Standard ; Board Delay on Rise ; Board Delay on Fall ; Steady State Voh at FPGA Pin ; Steady State Vol at FPGA Pin ; Voh Max at FPGA Pin ; Vol Min at FPGA Pin ; Ringback Voltage on Rise at FPGA Pin ; Ringback Voltage on Fall at FPGA Pin ; 10-90 Rise Time at FPGA Pin ; 90-10 Fall Time at FPGA Pin ; Monotonic Rise at FPGA Pin ; Monotonic Fall at FPGA Pin ; Steady State Voh at Far-end ; Steady State Vol at Far-end ; Voh Max at Far-end ; Vol Min at Far-end ; Ringback Voltage on Rise at Far-end ; Ringback Voltage on Fall at Far-end ; 10-90 Rise Time at Far-end ; 90-10 Fall Time at Far-end ; Monotonic Rise at Far-end ; Monotonic Fall at Far-end ;
+--------------------+--------------+---------------------+---------------------+------------------------------+------------------------------+---------------------+---------------------+--------------------------------------+--------------------------------------+-----------------------------+-----------------------------+----------------------------+----------------------------+-----------------------------+-----------------------------+--------------------+--------------------+-------------------------------------+-------------------------------------+----------------------------+----------------------------+---------------------------+---------------------------+
; RESOUT_N           ; 2.5 V        ; 0 s                 ; 0 s                 ; 2.62 V                       ; 2.35e-07 V                   ; 2.72 V              ; -0.036 V            ; 0.26 V                               ; 0.2 V                                ; 4.68e-10 s                  ; 6.71e-10 s                  ; No                         ; Yes                        ; 2.62 V                      ; 2.35e-07 V                  ; 2.72 V             ; -0.036 V           ; 0.26 V                              ; 0.2 V                               ; 4.68e-10 s                 ; 6.71e-10 s                 ; No                        ; Yes                       ;
; TDO                ; 2.5 V        ; 0 s                 ; 0 s                 ; 2.62 V                       ; 2.35e-07 V                   ; 2.72 V              ; -0.037 V            ; 0.262 V                              ; 0.199 V                              ; 4.69e-10 s                  ; 6.73e-10 s                  ; No                         ; Yes                        ; 2.62 V                      ; 2.35e-07 V                  ; 2.72 V             ; -0.037 V           ; 0.262 V                             ; 0.199 V                             ; 4.69e-10 s                 ; 6.73e-10 s                 ; No                        ; Yes                       ;
; TXD                ; 2.5 V        ; 0 s                 ; 0 s                 ; 2.62 V                       ; 2.35e-07 V                   ; 2.72 V              ; -0.037 V            ; 0.262 V                              ; 0.199 V                              ; 4.69e-10 s                  ; 6.73e-10 s                  ; No                         ; Yes                        ; 2.62 V                      ; 2.35e-07 V                  ; 2.72 V             ; -0.037 V           ; 0.262 V                             ; 0.199 V                             ; 4.69e-10 s                 ; 6.73e-10 s                 ; No                        ; Yes                       ;
; I2C0_ENA           ; 2.5 V        ; 0 s                 ; 0 s                 ; 2.62 V                       ; 2.35e-07 V                   ; 2.72 V              ; -0.037 V            ; 0.262 V                              ; 0.199 V                              ; 4.69e-10 s                  ; 6.73e-10 s                  ; No                         ; Yes                        ; 2.62 V                      ; 2.35e-07 V                  ; 2.72 V             ; -0.037 V           ; 0.262 V                             ; 0.199 V                             ; 4.69e-10 s                 ; 6.73e-10 s                 ; No                        ; Yes                       ;
; I2C0_ADR           ; 2.5 V        ; 0 s                 ; 0 s                 ; 2.62 V                       ; 2.35e-07 V                   ; 2.71 V              ; -0.034 V            ; 0.324 V                              ; 0.132 V                              ; 4.92e-10 s                  ; 8.3e-10 s                   ; No                         ; No                         ; 2.62 V                      ; 2.35e-07 V                  ; 2.71 V             ; -0.034 V           ; 0.324 V                             ; 0.132 V                             ; 4.92e-10 s                 ; 8.3e-10 s                  ; No                        ; No                        ;
; SPI_CSN[0]         ; 2.5 V        ; 0 s                 ; 0 s                 ; 2.62 V                       ; 2.35e-07 V                   ; 2.72 V              ; -0.037 V            ; 0.262 V                              ; 0.199 V                              ; 4.69e-10 s                  ; 6.73e-10 s                  ; No                         ; Yes                        ; 2.62 V                      ; 2.35e-07 V                  ; 2.72 V             ; -0.037 V           ; 0.262 V                             ; 0.199 V                             ; 4.69e-10 s                 ; 6.73e-10 s                 ; No                        ; Yes                       ;
; SPI_CSN[1]         ; 2.5 V        ; 0 s                 ; 0 s                 ; 2.62 V                       ; 2.35e-07 V                   ; 2.71 V              ; -0.0343 V           ; 0.325 V                              ; 0.133 V                              ; 4.93e-10 s                  ; 8.31e-10 s                  ; No                         ; No                         ; 2.62 V                      ; 2.35e-07 V                  ; 2.71 V             ; -0.0343 V          ; 0.325 V                             ; 0.133 V                             ; 4.93e-10 s                 ; 8.31e-10 s                 ; No                        ; No                        ;
; SPI_CSN[2]         ; 2.5 V        ; 0 s                 ; 0 s                 ; 2.62 V                       ; 2.35e-07 V                   ; 2.72 V              ; -0.037 V            ; 0.262 V                              ; 0.199 V                              ; 4.69e-10 s                  ; 6.73e-10 s                  ; No                         ; Yes                        ; 2.62 V                      ; 2.35e-07 V                  ; 2.72 V             ; -0.037 V           ; 0.262 V                             ; 0.199 V                             ; 4.69e-10 s                 ; 6.73e-10 s                 ; No                        ; Yes                       ;
; SPI_CSN[3]         ; 2.5 V        ; 0 s                 ; 0 s                 ; 2.62 V                       ; 2.35e-07 V                   ; 2.72 V              ; -0.036 V            ; 0.26 V                               ; 0.2 V                                ; 4.68e-10 s                  ; 6.71e-10 s                  ; No                         ; Yes                        ; 2.62 V                      ; 2.35e-07 V                  ; 2.72 V             ; -0.036 V           ; 0.26 V                              ; 0.2 V                               ; 4.68e-10 s                 ; 6.71e-10 s                 ; No                        ; Yes                       ;
; SPI_SCK            ; 2.5 V        ; 0 s                 ; 0 s                 ; 2.62 V                       ; 2.35e-07 V                   ; 2.72 V              ; -0.036 V            ; 0.26 V                               ; 0.2 V                                ; 4.68e-10 s                  ; 6.71e-10 s                  ; No                         ; Yes                        ; 2.62 V                      ; 2.35e-07 V                  ; 2.72 V             ; -0.036 V           ; 0.26 V                              ; 0.2 V                               ; 4.68e-10 s                 ; 6.71e-10 s                 ; No                        ; Yes                       ;
; SPI_MOSI           ; 2.5 V        ; 0 s                 ; 0 s                 ; 2.62 V                       ; 2.35e-07 V                   ; 2.72 V              ; -0.037 V            ; 0.262 V                              ; 0.199 V                              ; 4.69e-10 s                  ; 6.73e-10 s                  ; No                         ; Yes                        ; 2.62 V                      ; 2.35e-07 V                  ; 2.72 V             ; -0.037 V           ; 0.262 V                             ; 0.199 V                             ; 4.69e-10 s                 ; 6.73e-10 s                 ; No                        ; Yes                       ;
; SDRAM_CLK          ; 2.5 V        ; 0 s                 ; 0 s                 ; 2.62 V                       ; 2.35e-07 V                   ; 2.72 V              ; -0.036 V            ; 0.26 V                               ; 0.2 V                                ; 4.68e-10 s                  ; 6.71e-10 s                  ; No                         ; Yes                        ; 2.62 V                      ; 2.35e-07 V                  ; 2.72 V             ; -0.036 V           ; 0.26 V                              ; 0.2 V                               ; 4.68e-10 s                 ; 6.71e-10 s                 ; No                        ; Yes                       ;
; SDRAM_CKE          ; 2.5 V        ; 0 s                 ; 0 s                 ; 2.62 V                       ; 2.35e-07 V                   ; 2.72 V              ; -0.037 V            ; 0.262 V                              ; 0.199 V                              ; 4.69e-10 s                  ; 6.73e-10 s                  ; No                         ; Yes                        ; 2.62 V                      ; 2.35e-07 V                  ; 2.72 V             ; -0.037 V           ; 0.262 V                             ; 0.199 V                             ; 4.69e-10 s                 ; 6.73e-10 s                 ; No                        ; Yes                       ;
; SDRAM_CSn          ; 2.5 V        ; 0 s                 ; 0 s                 ; 2.62 V                       ; 2.35e-07 V                   ; 2.72 V              ; -0.037 V            ; 0.262 V                              ; 0.199 V                              ; 4.69e-10 s                  ; 6.73e-10 s                  ; No                         ; Yes                        ; 2.62 V                      ; 2.35e-07 V                  ; 2.72 V             ; -0.037 V           ; 0.262 V                             ; 0.199 V                             ; 4.69e-10 s                 ; 6.73e-10 s                 ; No                        ; Yes                       ;
; SDRAM_DQM[0]       ; 2.5 V        ; 0 s                 ; 0 s                 ; 2.62 V                       ; 2.35e-07 V                   ; 2.72 V              ; -0.037 V            ; 0.262 V                              ; 0.199 V                              ; 4.69e-10 s                  ; 6.73e-10 s                  ; No                         ; Yes                        ; 2.62 V                      ; 2.35e-07 V                  ; 2.72 V             ; -0.037 V           ; 0.262 V                             ; 0.199 V                             ; 4.69e-10 s                 ; 6.73e-10 s                 ; No                        ; Yes                       ;
; SDRAM_DQM[1]       ; 2.5 V        ; 0 s                 ; 0 s                 ; 2.62 V                       ; 2.35e-07 V                   ; 2.72 V              ; -0.037 V            ; 0.262 V                              ; 0.199 V                              ; 4.69e-10 s                  ; 6.73e-10 s                  ; No                         ; Yes                        ; 2.62 V                      ; 2.35e-07 V                  ; 2.72 V             ; -0.037 V           ; 0.262 V                             ; 0.199 V                             ; 4.69e-10 s                 ; 6.73e-10 s                 ; No                        ; Yes                       ;
; SDRAM_RASn         ; 2.5 V        ; 0 s                 ; 0 s                 ; 2.62 V                       ; 2.35e-07 V                   ; 2.72 V              ; -0.037 V            ; 0.262 V                              ; 0.199 V                              ; 4.69e-10 s                  ; 6.73e-10 s                  ; No                         ; Yes                        ; 2.62 V                      ; 2.35e-07 V                  ; 2.72 V             ; -0.037 V           ; 0.262 V                             ; 0.199 V                             ; 4.69e-10 s                 ; 6.73e-10 s                 ; No                        ; Yes                       ;
; SDRAM_CASn         ; 2.5 V        ; 0 s                 ; 0 s                 ; 2.62 V                       ; 2.35e-07 V                   ; 2.72 V              ; -0.036 V            ; 0.26 V                               ; 0.2 V                                ; 4.68e-10 s                  ; 6.71e-10 s                  ; No                         ; Yes                        ; 2.62 V                      ; 2.35e-07 V                  ; 2.72 V             ; -0.036 V           ; 0.26 V                              ; 0.2 V                               ; 4.68e-10 s                 ; 6.71e-10 s                 ; No                        ; Yes                       ;
; SDRAM_WEn          ; 2.5 V        ; 0 s                 ; 0 s                 ; 2.62 V                       ; 2.35e-07 V                   ; 2.72 V              ; -0.036 V            ; 0.26 V                               ; 0.2 V                                ; 4.68e-10 s                  ; 6.71e-10 s                  ; No                         ; Yes                        ; 2.62 V                      ; 2.35e-07 V                  ; 2.72 V             ; -0.036 V           ; 0.26 V                              ; 0.2 V                               ; 4.68e-10 s                 ; 6.71e-10 s                 ; No                        ; Yes                       ;
; SDRAM_BA[0]        ; 2.5 V        ; 0 s                 ; 0 s                 ; 2.62 V                       ; 2.35e-07 V                   ; 2.72 V              ; -0.036 V            ; 0.26 V                               ; 0.2 V                                ; 4.68e-10 s                  ; 6.71e-10 s                  ; No                         ; Yes                        ; 2.62 V                      ; 2.35e-07 V                  ; 2.72 V             ; -0.036 V           ; 0.26 V                              ; 0.2 V                               ; 4.68e-10 s                 ; 6.71e-10 s                 ; No                        ; Yes                       ;
; SDRAM_BA[1]        ; 2.5 V        ; 0 s                 ; 0 s                 ; 2.62 V                       ; 2.35e-07 V                   ; 2.72 V              ; -0.037 V            ; 0.262 V                              ; 0.199 V                              ; 4.69e-10 s                  ; 6.73e-10 s                  ; No                         ; Yes                        ; 2.62 V                      ; 2.35e-07 V                  ; 2.72 V             ; -0.037 V           ; 0.262 V                             ; 0.199 V                             ; 4.69e-10 s                 ; 6.73e-10 s                 ; No                        ; Yes                       ;
; SDRAM_ADDR[0]      ; 2.5 V        ; 0 s                 ; 0 s                 ; 2.62 V                       ; 2.35e-07 V                   ; 2.72 V              ; -0.037 V            ; 0.262 V                              ; 0.199 V                              ; 4.69e-10 s                  ; 6.73e-10 s                  ; No                         ; Yes                        ; 2.62 V                      ; 2.35e-07 V                  ; 2.72 V             ; -0.037 V           ; 0.262 V                             ; 0.199 V                             ; 4.69e-10 s                 ; 6.73e-10 s                 ; No                        ; Yes                       ;
; SDRAM_ADDR[1]      ; 2.5 V        ; 0 s                 ; 0 s                 ; 2.62 V                       ; 2.35e-07 V                   ; 2.72 V              ; -0.036 V            ; 0.26 V                               ; 0.2 V                                ; 4.68e-10 s                  ; 6.71e-10 s                  ; No                         ; Yes                        ; 2.62 V                      ; 2.35e-07 V                  ; 2.72 V             ; -0.036 V           ; 0.26 V                              ; 0.2 V                               ; 4.68e-10 s                 ; 6.71e-10 s                 ; No                        ; Yes                       ;
; SDRAM_ADDR[2]      ; 2.5 V        ; 0 s                 ; 0 s                 ; 2.62 V                       ; 2.35e-07 V                   ; 2.72 V              ; -0.036 V            ; 0.26 V                               ; 0.2 V                                ; 4.68e-10 s                  ; 6.71e-10 s                  ; No                         ; Yes                        ; 2.62 V                      ; 2.35e-07 V                  ; 2.72 V             ; -0.036 V           ; 0.26 V                              ; 0.2 V                               ; 4.68e-10 s                 ; 6.71e-10 s                 ; No                        ; Yes                       ;
; SDRAM_ADDR[3]      ; 2.5 V        ; 0 s                 ; 0 s                 ; 2.62 V                       ; 2.35e-07 V                   ; 2.72 V              ; -0.036 V            ; 0.26 V                               ; 0.2 V                                ; 4.68e-10 s                  ; 6.71e-10 s                  ; No                         ; Yes                        ; 2.62 V                      ; 2.35e-07 V                  ; 2.72 V             ; -0.036 V           ; 0.26 V                              ; 0.2 V                               ; 4.68e-10 s                 ; 6.71e-10 s                 ; No                        ; Yes                       ;
; SDRAM_ADDR[4]      ; 2.5 V        ; 0 s                 ; 0 s                 ; 2.62 V                       ; 2.35e-07 V                   ; 2.72 V              ; -0.037 V            ; 0.262 V                              ; 0.199 V                              ; 4.69e-10 s                  ; 6.73e-10 s                  ; No                         ; Yes                        ; 2.62 V                      ; 2.35e-07 V                  ; 2.72 V             ; -0.037 V           ; 0.262 V                             ; 0.199 V                             ; 4.69e-10 s                 ; 6.73e-10 s                 ; No                        ; Yes                       ;
; SDRAM_ADDR[5]      ; 2.5 V        ; 0 s                 ; 0 s                 ; 2.62 V                       ; 2.35e-07 V                   ; 2.72 V              ; -0.037 V            ; 0.262 V                              ; 0.199 V                              ; 4.69e-10 s                  ; 6.73e-10 s                  ; No                         ; Yes                        ; 2.62 V                      ; 2.35e-07 V                  ; 2.72 V             ; -0.037 V           ; 0.262 V                             ; 0.199 V                             ; 4.69e-10 s                 ; 6.73e-10 s                 ; No                        ; Yes                       ;
; SDRAM_ADDR[6]      ; 2.5 V        ; 0 s                 ; 0 s                 ; 2.62 V                       ; 2.35e-07 V                   ; 2.72 V              ; -0.036 V            ; 0.26 V                               ; 0.2 V                                ; 4.68e-10 s                  ; 6.71e-10 s                  ; No                         ; Yes                        ; 2.62 V                      ; 2.35e-07 V                  ; 2.72 V             ; -0.036 V           ; 0.26 V                              ; 0.2 V                               ; 4.68e-10 s                 ; 6.71e-10 s                 ; No                        ; Yes                       ;
; SDRAM_ADDR[7]      ; 2.5 V        ; 0 s                 ; 0 s                 ; 2.62 V                       ; 2.35e-07 V                   ; 2.72 V              ; -0.036 V            ; 0.26 V                               ; 0.2 V                                ; 4.68e-10 s                  ; 6.71e-10 s                  ; No                         ; Yes                        ; 2.62 V                      ; 2.35e-07 V                  ; 2.72 V             ; -0.036 V           ; 0.26 V                              ; 0.2 V                               ; 4.68e-10 s                 ; 6.71e-10 s                 ; No                        ; Yes                       ;
; SDRAM_ADDR[8]      ; 2.5 V        ; 0 s                 ; 0 s                 ; 2.62 V                       ; 2.35e-07 V                   ; 2.72 V              ; -0.037 V            ; 0.262 V                              ; 0.199 V                              ; 4.69e-10 s                  ; 6.73e-10 s                  ; No                         ; Yes                        ; 2.62 V                      ; 2.35e-07 V                  ; 2.72 V             ; -0.037 V           ; 0.262 V                             ; 0.199 V                             ; 4.69e-10 s                 ; 6.73e-10 s                 ; No                        ; Yes                       ;
; SDRAM_ADDR[9]      ; 2.5 V        ; 0 s                 ; 0 s                 ; 2.62 V                       ; 2.35e-07 V                   ; 2.72 V              ; -0.036 V            ; 0.26 V                               ; 0.2 V                                ; 4.68e-10 s                  ; 6.71e-10 s                  ; No                         ; Yes                        ; 2.62 V                      ; 2.35e-07 V                  ; 2.72 V             ; -0.036 V           ; 0.26 V                              ; 0.2 V                               ; 4.68e-10 s                 ; 6.71e-10 s                 ; No                        ; Yes                       ;
; SDRAM_ADDR[10]     ; 2.5 V        ; 0 s                 ; 0 s                 ; 2.62 V                       ; 2.35e-07 V                   ; 2.72 V              ; -0.036 V            ; 0.26 V                               ; 0.2 V                                ; 4.68e-10 s                  ; 6.71e-10 s                  ; No                         ; Yes                        ; 2.62 V                      ; 2.35e-07 V                  ; 2.72 V             ; -0.036 V           ; 0.26 V                              ; 0.2 V                               ; 4.68e-10 s                 ; 6.71e-10 s                 ; No                        ; Yes                       ;
; SDRAM_ADDR[11]     ; 2.5 V        ; 0 s                 ; 0 s                 ; 2.62 V                       ; 2.35e-07 V                   ; 2.72 V              ; -0.037 V            ; 0.262 V                              ; 0.199 V                              ; 4.69e-10 s                  ; 6.73e-10 s                  ; No                         ; Yes                        ; 2.62 V                      ; 2.35e-07 V                  ; 2.72 V             ; -0.037 V           ; 0.262 V                             ; 0.199 V                             ; 4.69e-10 s                 ; 6.73e-10 s                 ; No                        ; Yes                       ;
; SDRAM_ADDR[12]     ; 2.5 V        ; 0 s                 ; 0 s                 ; 2.62 V                       ; 2.35e-07 V                   ; 2.72 V              ; -0.037 V            ; 0.262 V                              ; 0.199 V                              ; 4.69e-10 s                  ; 6.73e-10 s                  ; No                         ; Yes                        ; 2.62 V                      ; 2.35e-07 V                  ; 2.72 V             ; -0.037 V           ; 0.262 V                             ; 0.199 V                             ; 4.69e-10 s                 ; 6.73e-10 s                 ; No                        ; Yes                       ;
; S_MCS4_CLK         ; 2.5 V        ; 0 s                 ; 0 s                 ; 2.62 V                       ; 2.35e-07 V                   ; 2.71 V              ; -0.034 V            ; 0.324 V                              ; 0.132 V                              ; 4.92e-10 s                  ; 8.3e-10 s                   ; No                         ; No                         ; 2.62 V                      ; 2.35e-07 V                  ; 2.71 V             ; -0.034 V           ; 0.324 V                             ; 0.132 V                             ; 4.92e-10 s                 ; 8.3e-10 s                  ; No                        ; No                        ;
; S_MCS4_RES_N       ; 2.5 V        ; 0 s                 ; 0 s                 ; 2.62 V                       ; 2.35e-07 V                   ; 2.71 V              ; -0.0343 V           ; 0.325 V                              ; 0.133 V                              ; 4.93e-10 s                  ; 8.31e-10 s                  ; No                         ; No                         ; 2.62 V                      ; 2.35e-07 V                  ; 2.71 V             ; -0.0343 V          ; 0.325 V                             ; 0.133 V                             ; 4.93e-10 s                 ; 8.31e-10 s                 ; No                        ; No                        ;
; S_MCS4_TEST        ; 2.5 V        ; 0 s                 ; 0 s                 ; 2.62 V                       ; 2.35e-07 V                   ; 2.71 V              ; -0.0343 V           ; 0.325 V                              ; 0.133 V                              ; 4.93e-10 s                  ; 8.31e-10 s                  ; No                         ; No                         ; 2.62 V                      ; 2.35e-07 V                  ; 2.71 V             ; -0.0343 V          ; 0.325 V                             ; 0.133 V                             ; 4.93e-10 s                 ; 8.31e-10 s                 ; No                        ; No                        ;
; C_MCS4_SYNC_N      ; 2.5 V        ; 0 s                 ; 0 s                 ; 2.62 V                       ; 2.35e-07 V                   ; 2.71 V              ; -0.034 V            ; 0.324 V                              ; 0.132 V                              ; 4.92e-10 s                  ; 8.3e-10 s                   ; No                         ; No                         ; 2.62 V                      ; 2.35e-07 V                  ; 2.71 V             ; -0.034 V           ; 0.324 V                             ; 0.132 V                             ; 4.92e-10 s                 ; 8.3e-10 s                  ; No                        ; No                        ;
; C_MCS4_CM_ROM_N    ; 2.5 V        ; 0 s                 ; 0 s                 ; 2.62 V                       ; 2.35e-07 V                   ; 2.72 V              ; -0.036 V            ; 0.26 V                               ; 0.2 V                                ; 4.68e-10 s                  ; 6.71e-10 s                  ; No                         ; Yes                        ; 2.62 V                      ; 2.35e-07 V                  ; 2.72 V             ; -0.036 V           ; 0.26 V                              ; 0.2 V                               ; 4.68e-10 s                 ; 6.71e-10 s                 ; No                        ; Yes                       ;
; C_MCS4_CM_RAM_N[0] ; 2.5 V        ; 0 s                 ; 0 s                 ; 2.62 V                       ; 2.35e-07 V                   ; 2.72 V              ; -0.037 V            ; 0.262 V                              ; 0.199 V                              ; 4.69e-10 s                  ; 6.73e-10 s                  ; No                         ; Yes                        ; 2.62 V                      ; 2.35e-07 V                  ; 2.72 V             ; -0.037 V           ; 0.262 V                             ; 0.199 V                             ; 4.69e-10 s                 ; 6.73e-10 s                 ; No                        ; Yes                       ;
; C_MCS4_CM_RAM_N[1] ; 2.5 V        ; 0 s                 ; 0 s                 ; 2.62 V                       ; 2.35e-07 V                   ; 2.72 V              ; -0.036 V            ; 0.26 V                               ; 0.2 V                                ; 4.68e-10 s                  ; 6.71e-10 s                  ; No                         ; Yes                        ; 2.62 V                      ; 2.35e-07 V                  ; 2.72 V             ; -0.036 V           ; 0.26 V                              ; 0.2 V                               ; 4.68e-10 s                 ; 6.71e-10 s                 ; No                        ; Yes                       ;
; C_MCS4_CM_RAM_N[2] ; 2.5 V        ; 0 s                 ; 0 s                 ; 2.62 V                       ; 2.35e-07 V                   ; 2.72 V              ; -0.036 V            ; 0.26 V                               ; 0.2 V                                ; 4.68e-10 s                  ; 6.71e-10 s                  ; No                         ; Yes                        ; 2.62 V                      ; 2.35e-07 V                  ; 2.72 V             ; -0.036 V           ; 0.26 V                              ; 0.2 V                               ; 4.68e-10 s                 ; 6.71e-10 s                 ; No                        ; Yes                       ;
; C_MCS4_CM_RAM_N[3] ; 2.5 V        ; 0 s                 ; 0 s                 ; 2.62 V                       ; 2.35e-07 V                   ; 2.72 V              ; -0.036 V            ; 0.26 V                               ; 0.2 V                                ; 4.68e-10 s                  ; 6.71e-10 s                  ; No                         ; Yes                        ; 2.62 V                      ; 2.35e-07 V                  ; 2.72 V             ; -0.036 V           ; 0.26 V                              ; 0.2 V                               ; 4.68e-10 s                 ; 6.71e-10 s                 ; No                        ; Yes                       ;
; GPIO0[0]           ; 2.5 V        ; 0 s                 ; 0 s                 ; 2.62 V                       ; 2.35e-07 V                   ; 2.72 V              ; -0.036 V            ; 0.26 V                               ; 0.2 V                                ; 4.68e-10 s                  ; 6.71e-10 s                  ; No                         ; Yes                        ; 2.62 V                      ; 2.35e-07 V                  ; 2.72 V             ; -0.036 V           ; 0.26 V                              ; 0.2 V                               ; 4.68e-10 s                 ; 6.71e-10 s                 ; No                        ; Yes                       ;
; GPIO0[1]           ; 2.5 V        ; 0 s                 ; 0 s                 ; 2.62 V                       ; 2.35e-07 V                   ; 2.72 V              ; -0.037 V            ; 0.262 V                              ; 0.199 V                              ; 4.69e-10 s                  ; 6.73e-10 s                  ; No                         ; Yes                        ; 2.62 V                      ; 2.35e-07 V                  ; 2.72 V             ; -0.037 V           ; 0.262 V                             ; 0.199 V                             ; 4.69e-10 s                 ; 6.73e-10 s                 ; No                        ; Yes                       ;
; GPIO0[2]           ; 2.5 V        ; 0 s                 ; 0 s                 ; 2.62 V                       ; 2.35e-07 V                   ; 2.72 V              ; -0.037 V            ; 0.262 V                              ; 0.199 V                              ; 4.69e-10 s                  ; 6.73e-10 s                  ; No                         ; Yes                        ; 2.62 V                      ; 2.35e-07 V                  ; 2.72 V             ; -0.037 V           ; 0.262 V                             ; 0.199 V                             ; 4.69e-10 s                 ; 6.73e-10 s                 ; No                        ; Yes                       ;
; GPIO0[3]           ; 2.5 V        ; 0 s                 ; 0 s                 ; 2.62 V                       ; 2.35e-07 V                   ; 2.72 V              ; -0.036 V            ; 0.26 V                               ; 0.2 V                                ; 4.68e-10 s                  ; 6.71e-10 s                  ; No                         ; Yes                        ; 2.62 V                      ; 2.35e-07 V                  ; 2.72 V             ; -0.036 V           ; 0.26 V                              ; 0.2 V                               ; 4.68e-10 s                 ; 6.71e-10 s                 ; No                        ; Yes                       ;
; GPIO0[4]           ; 2.5 V        ; 0 s                 ; 0 s                 ; 2.62 V                       ; 2.35e-07 V                   ; 2.72 V              ; -0.036 V            ; 0.26 V                               ; 0.2 V                                ; 4.68e-10 s                  ; 6.71e-10 s                  ; No                         ; Yes                        ; 2.62 V                      ; 2.35e-07 V                  ; 2.72 V             ; -0.036 V           ; 0.26 V                              ; 0.2 V                               ; 4.68e-10 s                 ; 6.71e-10 s                 ; No                        ; Yes                       ;
; GPIO0[5]           ; 2.5 V        ; 0 s                 ; 0 s                 ; 2.62 V                       ; 2.35e-07 V                   ; 2.72 V              ; -0.036 V            ; 0.26 V                               ; 0.2 V                                ; 4.68e-10 s                  ; 6.71e-10 s                  ; No                         ; Yes                        ; 2.62 V                      ; 2.35e-07 V                  ; 2.72 V             ; -0.036 V           ; 0.26 V                              ; 0.2 V                               ; 4.68e-10 s                 ; 6.71e-10 s                 ; No                        ; Yes                       ;
; GPIO0[6]           ; 2.5 V        ; 0 s                 ; 0 s                 ; 2.62 V                       ; 2.35e-07 V                   ; 2.72 V              ; -0.037 V            ; 0.262 V                              ; 0.199 V                              ; 4.69e-10 s                  ; 6.73e-10 s                  ; No                         ; Yes                        ; 2.62 V                      ; 2.35e-07 V                  ; 2.72 V             ; -0.037 V           ; 0.262 V                             ; 0.199 V                             ; 4.69e-10 s                 ; 6.73e-10 s                 ; No                        ; Yes                       ;
; GPIO0[7]           ; 2.5 V        ; 0 s                 ; 0 s                 ; 2.62 V                       ; 2.35e-07 V                   ; 2.72 V              ; -0.036 V            ; 0.26 V                               ; 0.2 V                                ; 4.68e-10 s                  ; 6.71e-10 s                  ; No                         ; Yes                        ; 2.62 V                      ; 2.35e-07 V                  ; 2.72 V             ; -0.036 V           ; 0.26 V                              ; 0.2 V                               ; 4.68e-10 s                 ; 6.71e-10 s                 ; No                        ; Yes                       ;
; GPIO0[8]           ; 2.5 V        ; 0 s                 ; 0 s                 ; 2.62 V                       ; 2.35e-07 V                   ; 2.72 V              ; -0.036 V            ; 0.26 V                               ; 0.2 V                                ; 4.68e-10 s                  ; 6.71e-10 s                  ; No                         ; Yes                        ; 2.62 V                      ; 2.35e-07 V                  ; 2.72 V             ; -0.036 V           ; 0.26 V                              ; 0.2 V                               ; 4.68e-10 s                 ; 6.71e-10 s                 ; No                        ; Yes                       ;
; GPIO0[9]           ; 2.5 V        ; 0 s                 ; 0 s                 ; 2.62 V                       ; 2.35e-07 V                   ; 2.72 V              ; -0.036 V            ; 0.26 V                               ; 0.2 V                                ; 4.68e-10 s                  ; 6.71e-10 s                  ; No                         ; Yes                        ; 2.62 V                      ; 2.35e-07 V                  ; 2.72 V             ; -0.036 V           ; 0.26 V                              ; 0.2 V                               ; 4.68e-10 s                 ; 6.71e-10 s                 ; No                        ; Yes                       ;
; GPIO0[10]          ; 2.5 V        ; 0 s                 ; 0 s                 ; 2.62 V                       ; 2.35e-07 V                   ; 2.72 V              ; -0.037 V            ; 0.262 V                              ; 0.199 V                              ; 4.69e-10 s                  ; 6.73e-10 s                  ; No                         ; Yes                        ; 2.62 V                      ; 2.35e-07 V                  ; 2.72 V             ; -0.037 V           ; 0.262 V                             ; 0.199 V                             ; 4.69e-10 s                 ; 6.73e-10 s                 ; No                        ; Yes                       ;
; GPIO0[11]          ; 2.5 V        ; 0 s                 ; 0 s                 ; 2.62 V                       ; 2.35e-07 V                   ; 2.72 V              ; -0.036 V            ; 0.26 V                               ; 0.2 V                                ; 4.68e-10 s                  ; 6.71e-10 s                  ; No                         ; Yes                        ; 2.62 V                      ; 2.35e-07 V                  ; 2.72 V             ; -0.036 V           ; 0.26 V                              ; 0.2 V                               ; 4.68e-10 s                 ; 6.71e-10 s                 ; No                        ; Yes                       ;
; GPIO0[12]          ; 2.5 V        ; 0 s                 ; 0 s                 ; 2.62 V                       ; 2.35e-07 V                   ; 2.72 V              ; -0.037 V            ; 0.262 V                              ; 0.199 V                              ; 4.69e-10 s                  ; 6.73e-10 s                  ; No                         ; Yes                        ; 2.62 V                      ; 2.35e-07 V                  ; 2.72 V             ; -0.037 V           ; 0.262 V                             ; 0.199 V                             ; 4.69e-10 s                 ; 6.73e-10 s                 ; No                        ; Yes                       ;
; GPIO0[13]          ; 2.5 V        ; 0 s                 ; 0 s                 ; 2.62 V                       ; 2.35e-07 V                   ; 2.72 V              ; -0.036 V            ; 0.26 V                               ; 0.2 V                                ; 4.68e-10 s                  ; 6.71e-10 s                  ; No                         ; Yes                        ; 2.62 V                      ; 2.35e-07 V                  ; 2.72 V             ; -0.036 V           ; 0.26 V                              ; 0.2 V                               ; 4.68e-10 s                 ; 6.71e-10 s                 ; No                        ; Yes                       ;
; GPIO0[14]          ; 2.5 V        ; 0 s                 ; 0 s                 ; 2.62 V                       ; 2.35e-07 V                   ; 2.72 V              ; -0.037 V            ; 0.262 V                              ; 0.199 V                              ; 4.69e-10 s                  ; 6.73e-10 s                  ; No                         ; Yes                        ; 2.62 V                      ; 2.35e-07 V                  ; 2.72 V             ; -0.037 V           ; 0.262 V                             ; 0.199 V                             ; 4.69e-10 s                 ; 6.73e-10 s                 ; No                        ; Yes                       ;
; GPIO0[15]          ; 2.5 V        ; 0 s                 ; 0 s                 ; 2.62 V                       ; 2.35e-07 V                   ; 2.72 V              ; -0.037 V            ; 0.262 V                              ; 0.199 V                              ; 4.69e-10 s                  ; 6.73e-10 s                  ; No                         ; Yes                        ; 2.62 V                      ; 2.35e-07 V                  ; 2.72 V             ; -0.037 V           ; 0.262 V                             ; 0.199 V                             ; 4.69e-10 s                 ; 6.73e-10 s                 ; No                        ; Yes                       ;
; GPIO0[16]          ; 2.5 V        ; 0 s                 ; 0 s                 ; 2.62 V                       ; 2.35e-07 V                   ; 2.72 V              ; -0.036 V            ; 0.26 V                               ; 0.2 V                                ; 4.68e-10 s                  ; 6.71e-10 s                  ; No                         ; Yes                        ; 2.62 V                      ; 2.35e-07 V                  ; 2.72 V             ; -0.036 V           ; 0.26 V                              ; 0.2 V                               ; 4.68e-10 s                 ; 6.71e-10 s                 ; No                        ; Yes                       ;
; GPIO0[17]          ; 2.5 V        ; 0 s                 ; 0 s                 ; 2.62 V                       ; 2.35e-07 V                   ; 2.72 V              ; -0.036 V            ; 0.26 V                               ; 0.2 V                                ; 4.68e-10 s                  ; 6.71e-10 s                  ; No                         ; Yes                        ; 2.62 V                      ; 2.35e-07 V                  ; 2.72 V             ; -0.036 V           ; 0.26 V                              ; 0.2 V                               ; 4.68e-10 s                 ; 6.71e-10 s                 ; No                        ; Yes                       ;
; GPIO0[18]          ; 2.5 V        ; 0 s                 ; 0 s                 ; 2.62 V                       ; 2.35e-07 V                   ; 2.72 V              ; -0.037 V            ; 0.262 V                              ; 0.199 V                              ; 4.69e-10 s                  ; 6.73e-10 s                  ; No                         ; Yes                        ; 2.62 V                      ; 2.35e-07 V                  ; 2.72 V             ; -0.037 V           ; 0.262 V                             ; 0.199 V                             ; 4.69e-10 s                 ; 6.73e-10 s                 ; No                        ; Yes                       ;
; GPIO0[19]          ; 2.5 V        ; 0 s                 ; 0 s                 ; 2.62 V                       ; 2.35e-07 V                   ; 2.72 V              ; -0.037 V            ; 0.262 V                              ; 0.199 V                              ; 4.69e-10 s                  ; 6.73e-10 s                  ; No                         ; Yes                        ; 2.62 V                      ; 2.35e-07 V                  ; 2.72 V             ; -0.037 V           ; 0.262 V                             ; 0.199 V                             ; 4.69e-10 s                 ; 6.73e-10 s                 ; No                        ; Yes                       ;
; GPIO0[20]          ; 2.5 V        ; 0 s                 ; 0 s                 ; 2.62 V                       ; 2.35e-07 V                   ; 2.72 V              ; -0.037 V            ; 0.262 V                              ; 0.199 V                              ; 4.69e-10 s                  ; 6.73e-10 s                  ; No                         ; Yes                        ; 2.62 V                      ; 2.35e-07 V                  ; 2.72 V             ; -0.037 V           ; 0.262 V                             ; 0.199 V                             ; 4.69e-10 s                 ; 6.73e-10 s                 ; No                        ; Yes                       ;
; GPIO0[21]          ; 2.5 V        ; 0 s                 ; 0 s                 ; 2.62 V                       ; 2.35e-07 V                   ; 2.72 V              ; -0.037 V            ; 0.262 V                              ; 0.199 V                              ; 4.69e-10 s                  ; 6.73e-10 s                  ; No                         ; Yes                        ; 2.62 V                      ; 2.35e-07 V                  ; 2.72 V             ; -0.037 V           ; 0.262 V                             ; 0.199 V                             ; 4.69e-10 s                 ; 6.73e-10 s                 ; No                        ; Yes                       ;
; GPIO0[22]          ; 2.5 V        ; 0 s                 ; 0 s                 ; 2.62 V                       ; 2.35e-07 V                   ; 2.72 V              ; -0.036 V            ; 0.26 V                               ; 0.2 V                                ; 4.68e-10 s                  ; 6.71e-10 s                  ; No                         ; Yes                        ; 2.62 V                      ; 2.35e-07 V                  ; 2.72 V             ; -0.036 V           ; 0.26 V                              ; 0.2 V                               ; 4.68e-10 s                 ; 6.71e-10 s                 ; No                        ; Yes                       ;
; GPIO0[23]          ; 2.5 V        ; 0 s                 ; 0 s                 ; 2.62 V                       ; 2.35e-07 V                   ; 2.72 V              ; -0.037 V            ; 0.262 V                              ; 0.199 V                              ; 4.69e-10 s                  ; 6.73e-10 s                  ; No                         ; Yes                        ; 2.62 V                      ; 2.35e-07 V                  ; 2.72 V             ; -0.037 V           ; 0.262 V                             ; 0.199 V                             ; 4.69e-10 s                 ; 6.73e-10 s                 ; No                        ; Yes                       ;
; GPIO0[24]          ; 2.5 V        ; 0 s                 ; 0 s                 ; 2.62 V                       ; 2.35e-07 V                   ; 2.72 V              ; -0.036 V            ; 0.26 V                               ; 0.2 V                                ; 4.68e-10 s                  ; 6.71e-10 s                  ; No                         ; Yes                        ; 2.62 V                      ; 2.35e-07 V                  ; 2.72 V             ; -0.036 V           ; 0.26 V                              ; 0.2 V                               ; 4.68e-10 s                 ; 6.71e-10 s                 ; No                        ; Yes                       ;
; GPIO0[25]          ; 2.5 V        ; 0 s                 ; 0 s                 ; 2.62 V                       ; 2.35e-07 V                   ; 2.72 V              ; -0.036 V            ; 0.26 V                               ; 0.2 V                                ; 4.68e-10 s                  ; 6.71e-10 s                  ; No                         ; Yes                        ; 2.62 V                      ; 2.35e-07 V                  ; 2.72 V             ; -0.036 V           ; 0.26 V                              ; 0.2 V                               ; 4.68e-10 s                 ; 6.71e-10 s                 ; No                        ; Yes                       ;
; GPIO0[26]          ; 2.5 V        ; 0 s                 ; 0 s                 ; 2.62 V                       ; 2.35e-07 V                   ; 2.72 V              ; -0.037 V            ; 0.262 V                              ; 0.199 V                              ; 4.69e-10 s                  ; 6.73e-10 s                  ; No                         ; Yes                        ; 2.62 V                      ; 2.35e-07 V                  ; 2.72 V             ; -0.037 V           ; 0.262 V                             ; 0.199 V                             ; 4.69e-10 s                 ; 6.73e-10 s                 ; No                        ; Yes                       ;
; GPIO0[27]          ; 2.5 V        ; 0 s                 ; 0 s                 ; 2.62 V                       ; 2.35e-07 V                   ; 2.72 V              ; -0.036 V            ; 0.26 V                               ; 0.2 V                                ; 4.68e-10 s                  ; 6.71e-10 s                  ; No                         ; Yes                        ; 2.62 V                      ; 2.35e-07 V                  ; 2.72 V             ; -0.036 V           ; 0.26 V                              ; 0.2 V                               ; 4.68e-10 s                 ; 6.71e-10 s                 ; No                        ; Yes                       ;
; GPIO0[28]          ; 2.5 V        ; 0 s                 ; 0 s                 ; 2.62 V                       ; 2.35e-07 V                   ; 2.72 V              ; -0.036 V            ; 0.26 V                               ; 0.2 V                                ; 4.68e-10 s                  ; 6.71e-10 s                  ; No                         ; Yes                        ; 2.62 V                      ; 2.35e-07 V                  ; 2.72 V             ; -0.036 V           ; 0.26 V                              ; 0.2 V                               ; 4.68e-10 s                 ; 6.71e-10 s                 ; No                        ; Yes                       ;
; GPIO0[29]          ; 2.5 V        ; 0 s                 ; 0 s                 ; 2.62 V                       ; 2.35e-07 V                   ; 2.72 V              ; -0.037 V            ; 0.262 V                              ; 0.199 V                              ; 4.69e-10 s                  ; 6.73e-10 s                  ; No                         ; Yes                        ; 2.62 V                      ; 2.35e-07 V                  ; 2.72 V             ; -0.037 V           ; 0.262 V                             ; 0.199 V                             ; 4.69e-10 s                 ; 6.73e-10 s                 ; No                        ; Yes                       ;
; GPIO0[30]          ; 2.5 V        ; 0 s                 ; 0 s                 ; 2.62 V                       ; 2.35e-07 V                   ; 2.72 V              ; -0.037 V            ; 0.262 V                              ; 0.199 V                              ; 4.69e-10 s                  ; 6.73e-10 s                  ; No                         ; Yes                        ; 2.62 V                      ; 2.35e-07 V                  ; 2.72 V             ; -0.037 V           ; 0.262 V                             ; 0.199 V                             ; 4.69e-10 s                 ; 6.73e-10 s                 ; No                        ; Yes                       ;
; GPIO0[31]          ; 2.5 V        ; 0 s                 ; 0 s                 ; 2.62 V                       ; 2.35e-07 V                   ; 2.72 V              ; -0.036 V            ; 0.26 V                               ; 0.2 V                                ; 4.68e-10 s                  ; 6.71e-10 s                  ; No                         ; Yes                        ; 2.62 V                      ; 2.35e-07 V                  ; 2.72 V             ; -0.036 V           ; 0.26 V                              ; 0.2 V                               ; 4.68e-10 s                 ; 6.71e-10 s                 ; No                        ; Yes                       ;
; GPIO1[0]           ; 2.5 V        ; 0 s                 ; 0 s                 ; 2.62 V                       ; 2.35e-07 V                   ; 2.72 V              ; -0.037 V            ; 0.262 V                              ; 0.199 V                              ; 4.69e-10 s                  ; 6.73e-10 s                  ; No                         ; Yes                        ; 2.62 V                      ; 2.35e-07 V                  ; 2.72 V             ; -0.037 V           ; 0.262 V                             ; 0.199 V                             ; 4.69e-10 s                 ; 6.73e-10 s                 ; No                        ; Yes                       ;
; GPIO1[1]           ; 2.5 V        ; 0 s                 ; 0 s                 ; 2.62 V                       ; 2.35e-07 V                   ; 2.72 V              ; -0.037 V            ; 0.262 V                              ; 0.199 V                              ; 4.69e-10 s                  ; 6.73e-10 s                  ; No                         ; Yes                        ; 2.62 V                      ; 2.35e-07 V                  ; 2.72 V             ; -0.037 V           ; 0.262 V                             ; 0.199 V                             ; 4.69e-10 s                 ; 6.73e-10 s                 ; No                        ; Yes                       ;
; GPIO1[2]           ; 2.5 V        ; 0 s                 ; 0 s                 ; 2.62 V                       ; 2.35e-07 V                   ; 2.72 V              ; -0.036 V            ; 0.26 V                               ; 0.2 V                                ; 4.68e-10 s                  ; 6.71e-10 s                  ; No                         ; Yes                        ; 2.62 V                      ; 2.35e-07 V                  ; 2.72 V             ; -0.036 V           ; 0.26 V                              ; 0.2 V                               ; 4.68e-10 s                 ; 6.71e-10 s                 ; No                        ; Yes                       ;
; GPIO1[3]           ; 2.5 V        ; 0 s                 ; 0 s                 ; 2.62 V                       ; 2.35e-07 V                   ; 2.72 V              ; -0.037 V            ; 0.262 V                              ; 0.199 V                              ; 4.69e-10 s                  ; 6.73e-10 s                  ; No                         ; Yes                        ; 2.62 V                      ; 2.35e-07 V                  ; 2.72 V             ; -0.037 V           ; 0.262 V                             ; 0.199 V                             ; 4.69e-10 s                 ; 6.73e-10 s                 ; No                        ; Yes                       ;
; GPIO1[4]           ; 2.5 V        ; 0 s                 ; 0 s                 ; 2.62 V                       ; 2.35e-07 V                   ; 2.72 V              ; -0.036 V            ; 0.26 V                               ; 0.2 V                                ; 4.68e-10 s                  ; 6.71e-10 s                  ; No                         ; Yes                        ; 2.62 V                      ; 2.35e-07 V                  ; 2.72 V             ; -0.036 V           ; 0.26 V                              ; 0.2 V                               ; 4.68e-10 s                 ; 6.71e-10 s                 ; No                        ; Yes                       ;
; GPIO1[5]           ; 2.5 V        ; 0 s                 ; 0 s                 ; 2.62 V                       ; 2.35e-07 V                   ; 2.72 V              ; -0.036 V            ; 0.26 V                               ; 0.2 V                                ; 4.68e-10 s                  ; 6.71e-10 s                  ; No                         ; Yes                        ; 2.62 V                      ; 2.35e-07 V                  ; 2.72 V             ; -0.036 V           ; 0.26 V                              ; 0.2 V                               ; 4.68e-10 s                 ; 6.71e-10 s                 ; No                        ; Yes                       ;
; GPIO1[6]           ; 2.5 V        ; 0 s                 ; 0 s                 ; 2.62 V                       ; 2.35e-07 V                   ; 2.72 V              ; -0.037 V            ; 0.262 V                              ; 0.199 V                              ; 4.69e-10 s                  ; 6.73e-10 s                  ; No                         ; Yes                        ; 2.62 V                      ; 2.35e-07 V                  ; 2.72 V             ; -0.037 V           ; 0.262 V                             ; 0.199 V                             ; 4.69e-10 s                 ; 6.73e-10 s                 ; No                        ; Yes                       ;
; GPIO1[7]           ; 2.5 V        ; 0 s                 ; 0 s                 ; 2.62 V                       ; 2.35e-07 V                   ; 2.72 V              ; -0.036 V            ; 0.26 V                               ; 0.2 V                                ; 4.68e-10 s                  ; 6.71e-10 s                  ; No                         ; Yes                        ; 2.62 V                      ; 2.35e-07 V                  ; 2.72 V             ; -0.036 V           ; 0.26 V                              ; 0.2 V                               ; 4.68e-10 s                 ; 6.71e-10 s                 ; No                        ; Yes                       ;
; GPIO1[8]           ; 2.5 V        ; 0 s                 ; 0 s                 ; 2.62 V                       ; 2.35e-07 V                   ; 2.72 V              ; -0.036 V            ; 0.26 V                               ; 0.2 V                                ; 4.68e-10 s                  ; 6.71e-10 s                  ; No                         ; Yes                        ; 2.62 V                      ; 2.35e-07 V                  ; 2.72 V             ; -0.036 V           ; 0.26 V                              ; 0.2 V                               ; 4.68e-10 s                 ; 6.71e-10 s                 ; No                        ; Yes                       ;
; GPIO1[9]           ; 2.5 V        ; 0 s                 ; 0 s                 ; 2.62 V                       ; 2.35e-07 V                   ; 2.72 V              ; -0.037 V            ; 0.262 V                              ; 0.199 V                              ; 4.69e-10 s                  ; 6.73e-10 s                  ; No                         ; Yes                        ; 2.62 V                      ; 2.35e-07 V                  ; 2.72 V             ; -0.037 V           ; 0.262 V                             ; 0.199 V                             ; 4.69e-10 s                 ; 6.73e-10 s                 ; No                        ; Yes                       ;
; GPIO1[10]          ; 2.5 V        ; 0 s                 ; 0 s                 ; 2.62 V                       ; 2.35e-07 V                   ; 2.72 V              ; -0.037 V            ; 0.262 V                              ; 0.199 V                              ; 4.69e-10 s                  ; 6.73e-10 s                  ; No                         ; Yes                        ; 2.62 V                      ; 2.35e-07 V                  ; 2.72 V             ; -0.037 V           ; 0.262 V                             ; 0.199 V                             ; 4.69e-10 s                 ; 6.73e-10 s                 ; No                        ; Yes                       ;
; GPIO1[11]          ; 2.5 V        ; 0 s                 ; 0 s                 ; 2.62 V                       ; 2.35e-07 V                   ; 2.72 V              ; -0.036 V            ; 0.26 V                               ; 0.2 V                                ; 4.68e-10 s                  ; 6.71e-10 s                  ; No                         ; Yes                        ; 2.62 V                      ; 2.35e-07 V                  ; 2.72 V             ; -0.036 V           ; 0.26 V                              ; 0.2 V                               ; 4.68e-10 s                 ; 6.71e-10 s                 ; No                        ; Yes                       ;
; GPIO1[12]          ; 2.5 V        ; 0 s                 ; 0 s                 ; 2.62 V                       ; 2.35e-07 V                   ; 2.72 V              ; -0.036 V            ; 0.26 V                               ; 0.2 V                                ; 4.68e-10 s                  ; 6.71e-10 s                  ; No                         ; Yes                        ; 2.62 V                      ; 2.35e-07 V                  ; 2.72 V             ; -0.036 V           ; 0.26 V                              ; 0.2 V                               ; 4.68e-10 s                 ; 6.71e-10 s                 ; No                        ; Yes                       ;
; GPIO1[13]          ; 2.5 V        ; 0 s                 ; 0 s                 ; 2.62 V                       ; 2.35e-07 V                   ; 2.72 V              ; -0.037 V            ; 0.262 V                              ; 0.199 V                              ; 4.69e-10 s                  ; 6.73e-10 s                  ; No                         ; Yes                        ; 2.62 V                      ; 2.35e-07 V                  ; 2.72 V             ; -0.037 V           ; 0.262 V                             ; 0.199 V                             ; 4.69e-10 s                 ; 6.73e-10 s                 ; No                        ; Yes                       ;
; GPIO1[14]          ; 2.5 V        ; 0 s                 ; 0 s                 ; 2.62 V                       ; 2.35e-07 V                   ; 2.72 V              ; -0.037 V            ; 0.262 V                              ; 0.199 V                              ; 4.69e-10 s                  ; 6.73e-10 s                  ; No                         ; Yes                        ; 2.62 V                      ; 2.35e-07 V                  ; 2.72 V             ; -0.037 V           ; 0.262 V                             ; 0.199 V                             ; 4.69e-10 s                 ; 6.73e-10 s                 ; No                        ; Yes                       ;
; GPIO1[15]          ; 2.5 V        ; 0 s                 ; 0 s                 ; 2.62 V                       ; 2.35e-07 V                   ; 2.72 V              ; -0.036 V            ; 0.26 V                               ; 0.2 V                                ; 4.68e-10 s                  ; 6.71e-10 s                  ; No                         ; Yes                        ; 2.62 V                      ; 2.35e-07 V                  ; 2.72 V             ; -0.036 V           ; 0.26 V                              ; 0.2 V                               ; 4.68e-10 s                 ; 6.71e-10 s                 ; No                        ; Yes                       ;
; GPIO1[16]          ; 2.5 V        ; 0 s                 ; 0 s                 ; 2.62 V                       ; 2.35e-07 V                   ; 2.72 V              ; -0.037 V            ; 0.262 V                              ; 0.199 V                              ; 4.69e-10 s                  ; 6.73e-10 s                  ; No                         ; Yes                        ; 2.62 V                      ; 2.35e-07 V                  ; 2.72 V             ; -0.037 V           ; 0.262 V                             ; 0.199 V                             ; 4.69e-10 s                 ; 6.73e-10 s                 ; No                        ; Yes                       ;
; GPIO1[17]          ; 2.5 V        ; 0 s                 ; 0 s                 ; 2.62 V                       ; 2.35e-07 V                   ; 2.72 V              ; -0.036 V            ; 0.26 V                               ; 0.2 V                                ; 4.68e-10 s                  ; 6.71e-10 s                  ; No                         ; Yes                        ; 2.62 V                      ; 2.35e-07 V                  ; 2.72 V             ; -0.036 V           ; 0.26 V                              ; 0.2 V                               ; 4.68e-10 s                 ; 6.71e-10 s                 ; No                        ; Yes                       ;
; GPIO1[18]          ; 2.5 V        ; 0 s                 ; 0 s                 ; 2.62 V                       ; 2.35e-07 V                   ; 2.72 V              ; -0.037 V            ; 0.262 V                              ; 0.199 V                              ; 4.69e-10 s                  ; 6.73e-10 s                  ; No                         ; Yes                        ; 2.62 V                      ; 2.35e-07 V                  ; 2.72 V             ; -0.037 V           ; 0.262 V                             ; 0.199 V                             ; 4.69e-10 s                 ; 6.73e-10 s                 ; No                        ; Yes                       ;
; GPIO1[19]          ; 2.5 V        ; 0 s                 ; 0 s                 ; 2.62 V                       ; 2.35e-07 V                   ; 2.72 V              ; -0.036 V            ; 0.26 V                               ; 0.2 V                                ; 4.68e-10 s                  ; 6.71e-10 s                  ; No                         ; Yes                        ; 2.62 V                      ; 2.35e-07 V                  ; 2.72 V             ; -0.036 V           ; 0.26 V                              ; 0.2 V                               ; 4.68e-10 s                 ; 6.71e-10 s                 ; No                        ; Yes                       ;
; GPIO1[20]          ; 2.5 V        ; 0 s                 ; 0 s                 ; 2.62 V                       ; 2.35e-07 V                   ; 2.72 V              ; -0.037 V            ; 0.262 V                              ; 0.199 V                              ; 4.69e-10 s                  ; 6.73e-10 s                  ; No                         ; Yes                        ; 2.62 V                      ; 2.35e-07 V                  ; 2.72 V             ; -0.037 V           ; 0.262 V                             ; 0.199 V                             ; 4.69e-10 s                 ; 6.73e-10 s                 ; No                        ; Yes                       ;
; GPIO1[21]          ; 2.5 V        ; 0 s                 ; 0 s                 ; 2.62 V                       ; 2.35e-07 V                   ; 2.72 V              ; -0.037 V            ; 0.262 V                              ; 0.199 V                              ; 4.69e-10 s                  ; 6.73e-10 s                  ; No                         ; Yes                        ; 2.62 V                      ; 2.35e-07 V                  ; 2.72 V             ; -0.037 V           ; 0.262 V                             ; 0.199 V                             ; 4.69e-10 s                 ; 6.73e-10 s                 ; No                        ; Yes                       ;
; GPIO1[22]          ; 2.5 V        ; 0 s                 ; 0 s                 ; 2.62 V                       ; 2.35e-07 V                   ; 2.72 V              ; -0.037 V            ; 0.262 V                              ; 0.199 V                              ; 4.69e-10 s                  ; 6.73e-10 s                  ; No                         ; Yes                        ; 2.62 V                      ; 2.35e-07 V                  ; 2.72 V             ; -0.037 V           ; 0.262 V                             ; 0.199 V                             ; 4.69e-10 s                 ; 6.73e-10 s                 ; No                        ; Yes                       ;
; GPIO1[23]          ; 2.5 V        ; 0 s                 ; 0 s                 ; 2.62 V                       ; 2.35e-07 V                   ; 2.72 V              ; -0.036 V            ; 0.26 V                               ; 0.2 V                                ; 4.68e-10 s                  ; 6.71e-10 s                  ; No                         ; Yes                        ; 2.62 V                      ; 2.35e-07 V                  ; 2.72 V             ; -0.036 V           ; 0.26 V                              ; 0.2 V                               ; 4.68e-10 s                 ; 6.71e-10 s                 ; No                        ; Yes                       ;
; GPIO1[24]          ; 2.5 V        ; 0 s                 ; 0 s                 ; 2.62 V                       ; 2.35e-07 V                   ; 2.72 V              ; -0.036 V            ; 0.26 V                               ; 0.2 V                                ; 4.68e-10 s                  ; 6.71e-10 s                  ; No                         ; Yes                        ; 2.62 V                      ; 2.35e-07 V                  ; 2.72 V             ; -0.036 V           ; 0.26 V                              ; 0.2 V                               ; 4.68e-10 s                 ; 6.71e-10 s                 ; No                        ; Yes                       ;
; GPIO1[25]          ; 2.5 V        ; 0 s                 ; 0 s                 ; 2.62 V                       ; 2.35e-07 V                   ; 2.72 V              ; -0.037 V            ; 0.262 V                              ; 0.199 V                              ; 4.69e-10 s                  ; 6.73e-10 s                  ; No                         ; Yes                        ; 2.62 V                      ; 2.35e-07 V                  ; 2.72 V             ; -0.037 V           ; 0.262 V                             ; 0.199 V                             ; 4.69e-10 s                 ; 6.73e-10 s                 ; No                        ; Yes                       ;
; GPIO1[26]          ; 2.5 V        ; 0 s                 ; 0 s                 ; 2.62 V                       ; 2.35e-07 V                   ; 2.72 V              ; -0.037 V            ; 0.262 V                              ; 0.199 V                              ; 4.69e-10 s                  ; 6.73e-10 s                  ; No                         ; Yes                        ; 2.62 V                      ; 2.35e-07 V                  ; 2.72 V             ; -0.037 V           ; 0.262 V                             ; 0.199 V                             ; 4.69e-10 s                 ; 6.73e-10 s                 ; No                        ; Yes                       ;
; GPIO1[27]          ; 2.5 V        ; 0 s                 ; 0 s                 ; 2.62 V                       ; 2.35e-07 V                   ; 2.71 V              ; -0.0343 V           ; 0.325 V                              ; 0.133 V                              ; 4.93e-10 s                  ; 8.31e-10 s                  ; No                         ; No                         ; 2.62 V                      ; 2.35e-07 V                  ; 2.71 V             ; -0.0343 V          ; 0.325 V                             ; 0.133 V                             ; 4.93e-10 s                 ; 8.31e-10 s                 ; No                        ; No                        ;
; GPIO1[28]          ; 2.5 V        ; 0 s                 ; 0 s                 ; 2.62 V                       ; 2.35e-07 V                   ; 2.71 V              ; -0.034 V            ; 0.324 V                              ; 0.132 V                              ; 4.92e-10 s                  ; 8.3e-10 s                   ; No                         ; No                         ; 2.62 V                      ; 2.35e-07 V                  ; 2.71 V             ; -0.034 V           ; 0.324 V                             ; 0.132 V                             ; 4.92e-10 s                 ; 8.3e-10 s                  ; No                        ; No                        ;
; GPIO2[0]           ; 2.5 V        ; 0 s                 ; 0 s                 ; 2.62 V                       ; 2.35e-07 V                   ; 2.72 V              ; -0.037 V            ; 0.262 V                              ; 0.199 V                              ; 4.69e-10 s                  ; 6.73e-10 s                  ; No                         ; Yes                        ; 2.62 V                      ; 2.35e-07 V                  ; 2.72 V             ; -0.037 V           ; 0.262 V                             ; 0.199 V                             ; 4.69e-10 s                 ; 6.73e-10 s                 ; No                        ; Yes                       ;
; GPIO2[1]           ; 2.5 V        ; 0 s                 ; 0 s                 ; 2.62 V                       ; 2.35e-07 V                   ; 2.72 V              ; -0.036 V            ; 0.26 V                               ; 0.2 V                                ; 4.68e-10 s                  ; 6.71e-10 s                  ; No                         ; Yes                        ; 2.62 V                      ; 2.35e-07 V                  ; 2.72 V             ; -0.036 V           ; 0.26 V                              ; 0.2 V                               ; 4.68e-10 s                 ; 6.71e-10 s                 ; No                        ; Yes                       ;
; GPIO2[2]           ; 2.5 V        ; 0 s                 ; 0 s                 ; 2.62 V                       ; 2.35e-07 V                   ; 2.72 V              ; -0.037 V            ; 0.262 V                              ; 0.199 V                              ; 4.69e-10 s                  ; 6.73e-10 s                  ; No                         ; Yes                        ; 2.62 V                      ; 2.35e-07 V                  ; 2.72 V             ; -0.037 V           ; 0.262 V                             ; 0.199 V                             ; 4.69e-10 s                 ; 6.73e-10 s                 ; No                        ; Yes                       ;
; GPIO2[3]           ; 2.5 V        ; 0 s                 ; 0 s                 ; 2.62 V                       ; 2.35e-07 V                   ; 2.72 V              ; -0.036 V            ; 0.26 V                               ; 0.2 V                                ; 4.68e-10 s                  ; 6.71e-10 s                  ; No                         ; Yes                        ; 2.62 V                      ; 2.35e-07 V                  ; 2.72 V             ; -0.036 V           ; 0.26 V                              ; 0.2 V                               ; 4.68e-10 s                 ; 6.71e-10 s                 ; No                        ; Yes                       ;
; GPIO2[4]           ; 2.5 V        ; 0 s                 ; 0 s                 ; 2.62 V                       ; 2.35e-07 V                   ; 2.72 V              ; -0.037 V            ; 0.262 V                              ; 0.199 V                              ; 4.69e-10 s                  ; 6.73e-10 s                  ; No                         ; Yes                        ; 2.62 V                      ; 2.35e-07 V                  ; 2.72 V             ; -0.037 V           ; 0.262 V                             ; 0.199 V                             ; 4.69e-10 s                 ; 6.73e-10 s                 ; No                        ; Yes                       ;
; GPIO2[5]           ; 2.5 V        ; 0 s                 ; 0 s                 ; 2.62 V                       ; 2.35e-07 V                   ; 2.72 V              ; -0.036 V            ; 0.26 V                               ; 0.2 V                                ; 4.68e-10 s                  ; 6.71e-10 s                  ; No                         ; Yes                        ; 2.62 V                      ; 2.35e-07 V                  ; 2.72 V             ; -0.036 V           ; 0.26 V                              ; 0.2 V                               ; 4.68e-10 s                 ; 6.71e-10 s                 ; No                        ; Yes                       ;
; GPIO2[6]           ; 2.5 V        ; 0 s                 ; 0 s                 ; 2.62 V                       ; 2.35e-07 V                   ; 2.72 V              ; -0.036 V            ; 0.26 V                               ; 0.2 V                                ; 4.68e-10 s                  ; 6.71e-10 s                  ; No                         ; Yes                        ; 2.62 V                      ; 2.35e-07 V                  ; 2.72 V             ; -0.036 V           ; 0.26 V                              ; 0.2 V                               ; 4.68e-10 s                 ; 6.71e-10 s                 ; No                        ; Yes                       ;
; GPIO2[7]           ; 2.5 V        ; 0 s                 ; 0 s                 ; 2.62 V                       ; 2.35e-07 V                   ; 2.72 V              ; -0.036 V            ; 0.26 V                               ; 0.2 V                                ; 4.68e-10 s                  ; 6.71e-10 s                  ; No                         ; Yes                        ; 2.62 V                      ; 2.35e-07 V                  ; 2.72 V             ; -0.036 V           ; 0.26 V                              ; 0.2 V                               ; 4.68e-10 s                 ; 6.71e-10 s                 ; No                        ; Yes                       ;
; GPIO2[8]           ; 2.5 V        ; 0 s                 ; 0 s                 ; 2.62 V                       ; 2.35e-07 V                   ; 2.72 V              ; -0.037 V            ; 0.262 V                              ; 0.199 V                              ; 4.69e-10 s                  ; 6.73e-10 s                  ; No                         ; Yes                        ; 2.62 V                      ; 2.35e-07 V                  ; 2.72 V             ; -0.037 V           ; 0.262 V                             ; 0.199 V                             ; 4.69e-10 s                 ; 6.73e-10 s                 ; No                        ; Yes                       ;
; GPIO2[9]           ; 2.5 V        ; 0 s                 ; 0 s                 ; 2.62 V                       ; 2.35e-07 V                   ; 2.72 V              ; -0.037 V            ; 0.262 V                              ; 0.199 V                              ; 4.69e-10 s                  ; 6.73e-10 s                  ; No                         ; Yes                        ; 2.62 V                      ; 2.35e-07 V                  ; 2.72 V             ; -0.037 V           ; 0.262 V                             ; 0.199 V                             ; 4.69e-10 s                 ; 6.73e-10 s                 ; No                        ; Yes                       ;
; GPIO2[10]          ; 2.5 V        ; 0 s                 ; 0 s                 ; 2.62 V                       ; 2.35e-07 V                   ; 2.72 V              ; -0.036 V            ; 0.26 V                               ; 0.2 V                                ; 4.68e-10 s                  ; 6.71e-10 s                  ; No                         ; Yes                        ; 2.62 V                      ; 2.35e-07 V                  ; 2.72 V             ; -0.036 V           ; 0.26 V                              ; 0.2 V                               ; 4.68e-10 s                 ; 6.71e-10 s                 ; No                        ; Yes                       ;
; I2C0_SCL           ; 2.5 V        ; 0 s                 ; 0 s                 ; 2.62 V                       ; 2.35e-07 V                   ; 2.72 V              ; -0.036 V            ; 0.26 V                               ; 0.2 V                                ; 4.68e-10 s                  ; 6.71e-10 s                  ; No                         ; Yes                        ; 2.62 V                      ; 2.35e-07 V                  ; 2.72 V             ; -0.036 V           ; 0.26 V                              ; 0.2 V                               ; 4.68e-10 s                 ; 6.71e-10 s                 ; No                        ; Yes                       ;
; I2C0_SDA           ; 2.5 V        ; 0 s                 ; 0 s                 ; 2.62 V                       ; 2.35e-07 V                   ; 2.71 V              ; -0.0343 V           ; 0.325 V                              ; 0.133 V                              ; 4.93e-10 s                  ; 8.31e-10 s                  ; No                         ; No                         ; 2.62 V                      ; 2.35e-07 V                  ; 2.71 V             ; -0.0343 V          ; 0.325 V                             ; 0.133 V                             ; 4.93e-10 s                 ; 8.31e-10 s                 ; No                        ; No                        ;
; I2C1_SCL           ; 2.5 V        ; 0 s                 ; 0 s                 ; 2.62 V                       ; 2.35e-07 V                   ; 2.72 V              ; -0.036 V            ; 0.26 V                               ; 0.2 V                                ; 4.68e-10 s                  ; 6.71e-10 s                  ; No                         ; Yes                        ; 2.62 V                      ; 2.35e-07 V                  ; 2.72 V             ; -0.036 V           ; 0.26 V                              ; 0.2 V                               ; 4.68e-10 s                 ; 6.71e-10 s                 ; No                        ; Yes                       ;
; I2C1_SDA           ; 2.5 V        ; 0 s                 ; 0 s                 ; 2.62 V                       ; 2.35e-07 V                   ; 2.72 V              ; -0.037 V            ; 0.262 V                              ; 0.199 V                              ; 4.69e-10 s                  ; 6.73e-10 s                  ; No                         ; Yes                        ; 2.62 V                      ; 2.35e-07 V                  ; 2.72 V             ; -0.037 V           ; 0.262 V                             ; 0.199 V                             ; 4.69e-10 s                 ; 6.73e-10 s                 ; No                        ; Yes                       ;
; SDRAM_DQ[0]        ; 2.5 V        ; 0 s                 ; 0 s                 ; 2.62 V                       ; 2.35e-07 V                   ; 2.72 V              ; -0.037 V            ; 0.262 V                              ; 0.199 V                              ; 4.69e-10 s                  ; 6.73e-10 s                  ; No                         ; Yes                        ; 2.62 V                      ; 2.35e-07 V                  ; 2.72 V             ; -0.037 V           ; 0.262 V                             ; 0.199 V                             ; 4.69e-10 s                 ; 6.73e-10 s                 ; No                        ; Yes                       ;
; SDRAM_DQ[1]        ; 2.5 V        ; 0 s                 ; 0 s                 ; 2.62 V                       ; 2.35e-07 V                   ; 2.72 V              ; -0.036 V            ; 0.26 V                               ; 0.2 V                                ; 4.68e-10 s                  ; 6.71e-10 s                  ; No                         ; Yes                        ; 2.62 V                      ; 2.35e-07 V                  ; 2.72 V             ; -0.036 V           ; 0.26 V                              ; 0.2 V                               ; 4.68e-10 s                 ; 6.71e-10 s                 ; No                        ; Yes                       ;
; SDRAM_DQ[2]        ; 2.5 V        ; 0 s                 ; 0 s                 ; 2.62 V                       ; 2.35e-07 V                   ; 2.72 V              ; -0.037 V            ; 0.262 V                              ; 0.199 V                              ; 4.69e-10 s                  ; 6.73e-10 s                  ; No                         ; Yes                        ; 2.62 V                      ; 2.35e-07 V                  ; 2.72 V             ; -0.037 V           ; 0.262 V                             ; 0.199 V                             ; 4.69e-10 s                 ; 6.73e-10 s                 ; No                        ; Yes                       ;
; SDRAM_DQ[3]        ; 2.5 V        ; 0 s                 ; 0 s                 ; 2.62 V                       ; 2.35e-07 V                   ; 2.72 V              ; -0.036 V            ; 0.26 V                               ; 0.2 V                                ; 4.68e-10 s                  ; 6.71e-10 s                  ; No                         ; Yes                        ; 2.62 V                      ; 2.35e-07 V                  ; 2.72 V             ; -0.036 V           ; 0.26 V                              ; 0.2 V                               ; 4.68e-10 s                 ; 6.71e-10 s                 ; No                        ; Yes                       ;
; SDRAM_DQ[4]        ; 2.5 V        ; 0 s                 ; 0 s                 ; 2.62 V                       ; 2.35e-07 V                   ; 2.72 V              ; -0.036 V            ; 0.26 V                               ; 0.2 V                                ; 4.68e-10 s                  ; 6.71e-10 s                  ; No                         ; Yes                        ; 2.62 V                      ; 2.35e-07 V                  ; 2.72 V             ; -0.036 V           ; 0.26 V                              ; 0.2 V                               ; 4.68e-10 s                 ; 6.71e-10 s                 ; No                        ; Yes                       ;
; SDRAM_DQ[5]        ; 2.5 V        ; 0 s                 ; 0 s                 ; 2.62 V                       ; 2.35e-07 V                   ; 2.72 V              ; -0.037 V            ; 0.262 V                              ; 0.199 V                              ; 4.69e-10 s                  ; 6.73e-10 s                  ; No                         ; Yes                        ; 2.62 V                      ; 2.35e-07 V                  ; 2.72 V             ; -0.037 V           ; 0.262 V                             ; 0.199 V                             ; 4.69e-10 s                 ; 6.73e-10 s                 ; No                        ; Yes                       ;
; SDRAM_DQ[6]        ; 2.5 V        ; 0 s                 ; 0 s                 ; 2.62 V                       ; 2.35e-07 V                   ; 2.72 V              ; -0.037 V            ; 0.262 V                              ; 0.199 V                              ; 4.69e-10 s                  ; 6.73e-10 s                  ; No                         ; Yes                        ; 2.62 V                      ; 2.35e-07 V                  ; 2.72 V             ; -0.037 V           ; 0.262 V                             ; 0.199 V                             ; 4.69e-10 s                 ; 6.73e-10 s                 ; No                        ; Yes                       ;
; SDRAM_DQ[7]        ; 2.5 V        ; 0 s                 ; 0 s                 ; 2.62 V                       ; 2.35e-07 V                   ; 2.72 V              ; -0.036 V            ; 0.26 V                               ; 0.2 V                                ; 4.68e-10 s                  ; 6.71e-10 s                  ; No                         ; Yes                        ; 2.62 V                      ; 2.35e-07 V                  ; 2.72 V             ; -0.036 V           ; 0.26 V                              ; 0.2 V                               ; 4.68e-10 s                 ; 6.71e-10 s                 ; No                        ; Yes                       ;
; SDRAM_DQ[8]        ; 2.5 V        ; 0 s                 ; 0 s                 ; 2.62 V                       ; 2.35e-07 V                   ; 2.72 V              ; -0.036 V            ; 0.26 V                               ; 0.2 V                                ; 4.68e-10 s                  ; 6.71e-10 s                  ; No                         ; Yes                        ; 2.62 V                      ; 2.35e-07 V                  ; 2.72 V             ; -0.036 V           ; 0.26 V                              ; 0.2 V                               ; 4.68e-10 s                 ; 6.71e-10 s                 ; No                        ; Yes                       ;
; SDRAM_DQ[9]        ; 2.5 V        ; 0 s                 ; 0 s                 ; 2.62 V                       ; 2.35e-07 V                   ; 2.72 V              ; -0.036 V            ; 0.26 V                               ; 0.2 V                                ; 4.68e-10 s                  ; 6.71e-10 s                  ; No                         ; Yes                        ; 2.62 V                      ; 2.35e-07 V                  ; 2.72 V             ; -0.036 V           ; 0.26 V                              ; 0.2 V                               ; 4.68e-10 s                 ; 6.71e-10 s                 ; No                        ; Yes                       ;
; SDRAM_DQ[10]       ; 2.5 V        ; 0 s                 ; 0 s                 ; 2.62 V                       ; 2.35e-07 V                   ; 2.72 V              ; -0.037 V            ; 0.262 V                              ; 0.199 V                              ; 4.69e-10 s                  ; 6.73e-10 s                  ; No                         ; Yes                        ; 2.62 V                      ; 2.35e-07 V                  ; 2.72 V             ; -0.037 V           ; 0.262 V                             ; 0.199 V                             ; 4.69e-10 s                 ; 6.73e-10 s                 ; No                        ; Yes                       ;
; SDRAM_DQ[11]       ; 2.5 V        ; 0 s                 ; 0 s                 ; 2.62 V                       ; 2.35e-07 V                   ; 2.72 V              ; -0.036 V            ; 0.26 V                               ; 0.2 V                                ; 4.68e-10 s                  ; 6.71e-10 s                  ; No                         ; Yes                        ; 2.62 V                      ; 2.35e-07 V                  ; 2.72 V             ; -0.036 V           ; 0.26 V                              ; 0.2 V                               ; 4.68e-10 s                 ; 6.71e-10 s                 ; No                        ; Yes                       ;
; SDRAM_DQ[12]       ; 2.5 V        ; 0 s                 ; 0 s                 ; 2.62 V                       ; 2.35e-07 V                   ; 2.72 V              ; -0.036 V            ; 0.26 V                               ; 0.2 V                                ; 4.68e-10 s                  ; 6.71e-10 s                  ; No                         ; Yes                        ; 2.62 V                      ; 2.35e-07 V                  ; 2.72 V             ; -0.036 V           ; 0.26 V                              ; 0.2 V                               ; 4.68e-10 s                 ; 6.71e-10 s                 ; No                        ; Yes                       ;
; SDRAM_DQ[13]       ; 2.5 V        ; 0 s                 ; 0 s                 ; 2.62 V                       ; 2.35e-07 V                   ; 2.72 V              ; -0.036 V            ; 0.26 V                               ; 0.2 V                                ; 4.68e-10 s                  ; 6.71e-10 s                  ; No                         ; Yes                        ; 2.62 V                      ; 2.35e-07 V                  ; 2.72 V             ; -0.036 V           ; 0.26 V                              ; 0.2 V                               ; 4.68e-10 s                 ; 6.71e-10 s                 ; No                        ; Yes                       ;
; SDRAM_DQ[14]       ; 2.5 V        ; 0 s                 ; 0 s                 ; 2.62 V                       ; 2.35e-07 V                   ; 2.72 V              ; -0.037 V            ; 0.262 V                              ; 0.199 V                              ; 4.69e-10 s                  ; 6.73e-10 s                  ; No                         ; Yes                        ; 2.62 V                      ; 2.35e-07 V                  ; 2.72 V             ; -0.037 V           ; 0.262 V                             ; 0.199 V                             ; 4.69e-10 s                 ; 6.73e-10 s                 ; No                        ; Yes                       ;
; SDRAM_DQ[15]       ; 2.5 V        ; 0 s                 ; 0 s                 ; 2.62 V                       ; 2.35e-07 V                   ; 2.72 V              ; -0.037 V            ; 0.262 V                              ; 0.199 V                              ; 4.69e-10 s                  ; 6.73e-10 s                  ; No                         ; Yes                        ; 2.62 V                      ; 2.35e-07 V                  ; 2.72 V             ; -0.037 V           ; 0.262 V                             ; 0.199 V                             ; 4.69e-10 s                 ; 6.73e-10 s                 ; No                        ; Yes                       ;
; S_MCS4_DATA[0]     ; 2.5 V        ; 0 s                 ; 0 s                 ; 2.62 V                       ; 2.35e-07 V                   ; 2.72 V              ; -0.036 V            ; 0.26 V                               ; 0.2 V                                ; 4.68e-10 s                  ; 6.71e-10 s                  ; No                         ; Yes                        ; 2.62 V                      ; 2.35e-07 V                  ; 2.72 V             ; -0.036 V           ; 0.26 V                              ; 0.2 V                               ; 4.68e-10 s                 ; 6.71e-10 s                 ; No                        ; Yes                       ;
; S_MCS4_DATA[1]     ; 2.5 V        ; 0 s                 ; 0 s                 ; 2.62 V                       ; 2.35e-07 V                   ; 2.72 V              ; -0.037 V            ; 0.262 V                              ; 0.199 V                              ; 4.69e-10 s                  ; 6.73e-10 s                  ; No                         ; Yes                        ; 2.62 V                      ; 2.35e-07 V                  ; 2.72 V             ; -0.037 V           ; 0.262 V                             ; 0.199 V                             ; 4.69e-10 s                 ; 6.73e-10 s                 ; No                        ; Yes                       ;
; S_MCS4_DATA[2]     ; 2.5 V        ; 0 s                 ; 0 s                 ; 2.62 V                       ; 2.35e-07 V                   ; 2.72 V              ; -0.037 V            ; 0.262 V                              ; 0.199 V                              ; 4.69e-10 s                  ; 6.73e-10 s                  ; No                         ; Yes                        ; 2.62 V                      ; 2.35e-07 V                  ; 2.72 V             ; -0.037 V           ; 0.262 V                             ; 0.199 V                             ; 4.69e-10 s                 ; 6.73e-10 s                 ; No                        ; Yes                       ;
; S_MCS4_DATA[3]     ; 2.5 V        ; 0 s                 ; 0 s                 ; 2.62 V                       ; 2.35e-07 V                   ; 2.72 V              ; -0.037 V            ; 0.262 V                              ; 0.199 V                              ; 4.69e-10 s                  ; 6.73e-10 s                  ; No                         ; Yes                        ; 2.62 V                      ; 2.35e-07 V                  ; 2.72 V             ; -0.037 V           ; 0.262 V                             ; 0.199 V                             ; 4.69e-10 s                 ; 6.73e-10 s                 ; No                        ; Yes                       ;
; C_MCS4_DATA[0]     ; 2.5 V        ; 0 s                 ; 0 s                 ; 2.62 V                       ; 2.35e-07 V                   ; 2.72 V              ; -0.037 V            ; 0.262 V                              ; 0.199 V                              ; 4.69e-10 s                  ; 6.73e-10 s                  ; No                         ; Yes                        ; 2.62 V                      ; 2.35e-07 V                  ; 2.72 V             ; -0.037 V           ; 0.262 V                             ; 0.199 V                             ; 4.69e-10 s                 ; 6.73e-10 s                 ; No                        ; Yes                       ;
; C_MCS4_DATA[1]     ; 2.5 V        ; 0 s                 ; 0 s                 ; 2.62 V                       ; 2.35e-07 V                   ; 2.71 V              ; -0.034 V            ; 0.324 V                              ; 0.132 V                              ; 4.92e-10 s                  ; 8.3e-10 s                   ; No                         ; No                         ; 2.62 V                      ; 2.35e-07 V                  ; 2.71 V             ; -0.034 V           ; 0.324 V                             ; 0.132 V                             ; 4.92e-10 s                 ; 8.3e-10 s                  ; No                        ; No                        ;
; C_MCS4_DATA[2]     ; 2.5 V        ; 0 s                 ; 0 s                 ; 2.62 V                       ; 2.35e-07 V                   ; 2.72 V              ; -0.036 V            ; 0.26 V                               ; 0.2 V                                ; 4.68e-10 s                  ; 6.71e-10 s                  ; No                         ; Yes                        ; 2.62 V                      ; 2.35e-07 V                  ; 2.72 V             ; -0.036 V           ; 0.26 V                              ; 0.2 V                               ; 4.68e-10 s                 ; 6.71e-10 s                 ; No                        ; Yes                       ;
; C_MCS4_DATA[3]     ; 2.5 V        ; 0 s                 ; 0 s                 ; 2.62 V                       ; 2.35e-07 V                   ; 2.72 V              ; -0.037 V            ; 0.262 V                              ; 0.199 V                              ; 4.69e-10 s                  ; 6.73e-10 s                  ; No                         ; Yes                        ; 2.62 V                      ; 2.35e-07 V                  ; 2.72 V             ; -0.037 V           ; 0.262 V                             ; 0.199 V                             ; 4.69e-10 s                 ; 6.73e-10 s                 ; No                        ; Yes                       ;
; ~ALTERA_TDO~       ; 2.5 V        ; 0 s                 ; 0 s                 ; 2.62 V                       ; 1.68e-07 V                   ; 2.73 V              ; -0.0395 V           ; 0.361 V                              ; 0.109 V                              ; 3.11e-10 s                  ; 4.41e-10 s                  ; No                         ; Yes                        ; 2.62 V                      ; 1.68e-07 V                  ; 2.73 V             ; -0.0395 V          ; 0.361 V                             ; 0.109 V                             ; 3.11e-10 s                 ; 4.41e-10 s                 ; No                        ; Yes                       ;
+--------------------+--------------+---------------------+---------------------+------------------------------+------------------------------+---------------------+---------------------+--------------------------------------+--------------------------------------+-----------------------------+-----------------------------+----------------------------+----------------------------+-----------------------------+-----------------------------+--------------------+--------------------+-------------------------------------+-------------------------------------+----------------------------+----------------------------+---------------------------+---------------------------+


+---------------------------------------------------------------------------------------------------------------------------------------------------------+
; Setup Transfers                                                                                                                                         ;
+---------------------------------------------------+---------------------------------------------------+--------------+------------+----------+----------+
; From Clock                                        ; To Clock                                          ; RR Paths     ; FR Paths   ; RF Paths ; FF Paths ;
+---------------------------------------------------+---------------------------------------------------+--------------+------------+----------+----------+
; CLK50                                             ; CLK50                                             ; 408          ; 0          ; 0        ; 0        ;
; CLK_MCS4_C                                        ; CLK_MCS4_C                                        ; 268498       ; 0          ; 0        ; 0        ;
; CLK_MCS4_S                                        ; CLK_MCS4_C                                        ; false path   ; 0          ; 0        ; 0        ;
; CLK_RISC_V                                        ; CLK_MCS4_C                                        ; false path   ; 0          ; 0        ; 0        ;
; CLK_MCS4_C                                        ; CLK_MCS4_S                                        ; false path   ; 0          ; 0        ; 0        ;
; CLK_MCS4_S                                        ; CLK_MCS4_S                                        ; 2671661      ; 1          ; 0        ; 0        ;
; CLK_RISC_V                                        ; CLK_MCS4_S                                        ; false path   ; 0          ; 0        ; 0        ;
; U_PLL|altpll_component|auto_generated|pll1|clk[3] ; CLK_MCS4_S                                        ; 3034         ; 0          ; 0        ; 0        ;
; U_PLL|altpll_component|auto_generated|pll1|clk[4] ; CLK_MCS4_S                                        ; 8            ; 0          ; 0        ; 0        ;
; CLK50                                             ; CLK_RISC_V                                        ; false path   ; 0          ; 0        ; 0        ;
; CLK_MCS4_C                                        ; CLK_RISC_V                                        ; false path   ; 0          ; 0        ; 0        ;
; CLK_MCS4_S                                        ; CLK_RISC_V                                        ; false path   ; 0          ; 0        ; 0        ;
; CLK_RISC_V                                        ; CLK_RISC_V                                        ; > 2147483647 ; 1          ; 0        ; 0        ;
; POR                                               ; CLK_RISC_V                                        ; 450          ; 514        ; 0        ; 0        ;
; TCK                                               ; CLK_RISC_V                                        ; false path   ; false path ; 0        ; 0        ;
; CLK_RISC_V                                        ; POR                                               ; 0            ; 0          ; 1        ; 0        ;
; CLK_RISC_V                                        ; TCK                                               ; false path   ; 0          ; 0        ; 0        ;
; TCK                                               ; TCK                                               ; 4973         ; 2          ; 45       ; 0        ;
; CLK_MCS4_S                                        ; U_PLL|altpll_component|auto_generated|pll1|clk[3] ; 10           ; 0          ; 0        ; 0        ;
; CLK_MCS4_S                                        ; U_PLL|altpll_component|auto_generated|pll1|clk[4] ; 2580         ; 0          ; 0        ; 0        ;
+---------------------------------------------------+---------------------------------------------------+--------------+------------+----------+----------+
Entries labeled "false path" only account for clock-to-clock false paths and not path-based false paths. As a result, actual path counts may be lower than reported.


+---------------------------------------------------------------------------------------------------------------------------------------------------------+
; Hold Transfers                                                                                                                                          ;
+---------------------------------------------------+---------------------------------------------------+--------------+------------+----------+----------+
; From Clock                                        ; To Clock                                          ; RR Paths     ; FR Paths   ; RF Paths ; FF Paths ;
+---------------------------------------------------+---------------------------------------------------+--------------+------------+----------+----------+
; CLK50                                             ; CLK50                                             ; 408          ; 0          ; 0        ; 0        ;
; CLK_MCS4_C                                        ; CLK_MCS4_C                                        ; 268498       ; 0          ; 0        ; 0        ;
; CLK_MCS4_S                                        ; CLK_MCS4_C                                        ; false path   ; 0          ; 0        ; 0        ;
; CLK_RISC_V                                        ; CLK_MCS4_C                                        ; false path   ; 0          ; 0        ; 0        ;
; CLK_MCS4_C                                        ; CLK_MCS4_S                                        ; false path   ; 0          ; 0        ; 0        ;
; CLK_MCS4_S                                        ; CLK_MCS4_S                                        ; 2671661      ; 1          ; 0        ; 0        ;
; CLK_RISC_V                                        ; CLK_MCS4_S                                        ; false path   ; 0          ; 0        ; 0        ;
; U_PLL|altpll_component|auto_generated|pll1|clk[3] ; CLK_MCS4_S                                        ; 3034         ; 0          ; 0        ; 0        ;
; U_PLL|altpll_component|auto_generated|pll1|clk[4] ; CLK_MCS4_S                                        ; 8            ; 0          ; 0        ; 0        ;
; CLK50                                             ; CLK_RISC_V                                        ; false path   ; 0          ; 0        ; 0        ;
; CLK_MCS4_C                                        ; CLK_RISC_V                                        ; false path   ; 0          ; 0        ; 0        ;
; CLK_MCS4_S                                        ; CLK_RISC_V                                        ; false path   ; 0          ; 0        ; 0        ;
; CLK_RISC_V                                        ; CLK_RISC_V                                        ; > 2147483647 ; 1          ; 0        ; 0        ;
; POR                                               ; CLK_RISC_V                                        ; 450          ; 514        ; 0        ; 0        ;
; TCK                                               ; CLK_RISC_V                                        ; false path   ; false path ; 0        ; 0        ;
; CLK_RISC_V                                        ; POR                                               ; 0            ; 0          ; 1        ; 0        ;
; CLK_RISC_V                                        ; TCK                                               ; false path   ; 0          ; 0        ; 0        ;
; TCK                                               ; TCK                                               ; 4973         ; 2          ; 45       ; 0        ;
; CLK_MCS4_S                                        ; U_PLL|altpll_component|auto_generated|pll1|clk[3] ; 10           ; 0          ; 0        ; 0        ;
; CLK_MCS4_S                                        ; U_PLL|altpll_component|auto_generated|pll1|clk[4] ; 2580         ; 0          ; 0        ; 0        ;
+---------------------------------------------------+---------------------------------------------------+--------------+------------+----------+----------+
Entries labeled "false path" only account for clock-to-clock false paths and not path-based false paths. As a result, actual path counts may be lower than reported.


+--------------------------------------------------------------------------------------------------------------------+
; Recovery Transfers                                                                                                 ;
+------------+---------------------------------------------------+------------+------------+------------+------------+
; From Clock ; To Clock                                          ; RR Paths   ; FR Paths   ; RF Paths   ; FF Paths   ;
+------------+---------------------------------------------------+------------+------------+------------+------------+
; CLK_RISC_V ; CLK_MCS4_C                                        ; false path ; 0          ; 0          ; 0          ;
; CLK_MCS4_S ; CLK_MCS4_S                                        ; 132        ; 0          ; 0          ; 0          ;
; CLK_RISC_V ; CLK_MCS4_S                                        ; false path ; 0          ; 0          ; 0          ;
; CLK_RISC_V ; CLK_RISC_V                                        ; 10112      ; 0          ; 0          ; 0          ;
; POR        ; CLK_RISC_V                                        ; 6121       ; 6121       ; 0          ; 0          ;
; TCK        ; CLK_RISC_V                                        ; false path ; 0          ; 0          ; 0          ;
; POR        ; TCK                                               ; false path ; false path ; false path ; false path ;
; TCK        ; TCK                                               ; 1724       ; 0          ; 4          ; 0          ;
; POR        ; U_PLL|altpll_component|auto_generated|pll1|clk[3] ; 10         ; 10         ; 0          ; 0          ;
; POR        ; U_PLL|altpll_component|auto_generated|pll1|clk[4] ; 5          ; 5          ; 0          ; 0          ;
+------------+---------------------------------------------------+------------+------------+------------+------------+
Entries labeled "false path" only account for clock-to-clock false paths and not path-based false paths. As a result, actual path counts may be lower than reported.


+--------------------------------------------------------------------------------------------------------------------+
; Removal Transfers                                                                                                  ;
+------------+---------------------------------------------------+------------+------------+------------+------------+
; From Clock ; To Clock                                          ; RR Paths   ; FR Paths   ; RF Paths   ; FF Paths   ;
+------------+---------------------------------------------------+------------+------------+------------+------------+
; CLK_RISC_V ; CLK_MCS4_C                                        ; false path ; 0          ; 0          ; 0          ;
; CLK_MCS4_S ; CLK_MCS4_S                                        ; 132        ; 0          ; 0          ; 0          ;
; CLK_RISC_V ; CLK_MCS4_S                                        ; false path ; 0          ; 0          ; 0          ;
; CLK_RISC_V ; CLK_RISC_V                                        ; 10112      ; 0          ; 0          ; 0          ;
; POR        ; CLK_RISC_V                                        ; 6121       ; 6121       ; 0          ; 0          ;
; TCK        ; CLK_RISC_V                                        ; false path ; 0          ; 0          ; 0          ;
; POR        ; TCK                                               ; false path ; false path ; false path ; false path ;
; TCK        ; TCK                                               ; 1724       ; 0          ; 4          ; 0          ;
; POR        ; U_PLL|altpll_component|auto_generated|pll1|clk[3] ; 10         ; 10         ; 0          ; 0          ;
; POR        ; U_PLL|altpll_component|auto_generated|pll1|clk[4] ; 5          ; 5          ; 0          ; 0          ;
+------------+---------------------------------------------------+------------+------------+------------+------------+
Entries labeled "false path" only account for clock-to-clock false paths and not path-based false paths. As a result, actual path counts may be lower than reported.


---------------
; Report TCCS ;
---------------
No dedicated SERDES Transmitter circuitry present in device or used in design


---------------
; Report RSKM ;
---------------
No non-DPA dedicated SERDES Receiver circuitry present in device or used in design


+------------------------------------------------+
; Unconstrained Paths Summary                    ;
+---------------------------------+-------+------+
; Property                        ; Setup ; Hold ;
+---------------------------------+-------+------+
; Illegal Clocks                  ; 0     ; 0    ;
; Unconstrained Clocks            ; 0     ; 0    ;
; Unconstrained Input Ports       ; 0     ; 0    ;
; Unconstrained Input Port Paths  ; 0     ; 0    ;
; Unconstrained Output Ports      ; 0     ; 0    ;
; Unconstrained Output Port Paths ; 0     ; 0    ;
+---------------------------------+-------+------+


+---------------------------------------------------------------------------------------------------------------------------------+
; Clock Status Summary                                                                                                            ;
+---------------------------------------------------+---------------------------------------------------+-----------+-------------+
; Target                                            ; Clock                                             ; Type      ; Status      ;
+---------------------------------------------------+---------------------------------------------------+-----------+-------------+
; CLK50                                             ; CLK50                                             ; Base      ; Constrained ;
; C_MCS4_CLK                                        ; CLK_MCS4_C                                        ; Base      ; Constrained ;
; TCK                                               ; TCK                                               ; Base      ; Constrained ;
; U_PLL|altpll_component|auto_generated|pll1|clk[0] ; CLK_RISC_V                                        ; Base      ; Constrained ;
; U_PLL|altpll_component|auto_generated|pll1|clk[2] ; CLK_MCS4_S                                        ; Base      ; Constrained ;
; U_PLL|altpll_component|auto_generated|pll1|clk[3] ; U_PLL|altpll_component|auto_generated|pll1|clk[3] ; Generated ; Constrained ;
; U_PLL|altpll_component|auto_generated|pll1|clk[4] ; U_PLL|altpll_component|auto_generated|pll1|clk[4] ; Generated ; Constrained ;
; por2|q                                            ; POR                                               ; Base      ; Constrained ;
+---------------------------------------------------+---------------------------------------------------+-----------+-------------+


+--------------------------+
; Timing Analyzer Messages ;
+--------------------------+
Info: *******************************************************************
Info: Running Quartus Prime Timing Analyzer
    Info: Version 24.1std.0 Build 1077 03/04/2025 SC Lite Edition
    Info: Processing started: Sat Jul 25 11:35:49 2026
Info: Command: quartus_sta FPGA -c FPGA
Info: qsta_default_script.tcl version: #1
Warning (18236): Number of processors has not been specified which may cause overloading on shared machines.  Set the global assignment NUM_PARALLEL_PROCESSORS in your QSF to an appropriate value for best performance.
Info (20030): Parallel compilation is enabled and will use 4 of the 4 processors detected
Info (21077): Low junction temperature is 0 degrees C
Info (21077): High junction temperature is 85 degrees C
Warning (335093): The Timing Analyzer is analyzing 1 combinational loops as latches. For more details, run the Check Timing command in the Timing Analyzer or view the "User-Specified and Inferred Latches" table in the Analysis & Synthesis report.
Info (332104): Reading SDC File: 'FPGA.sdc'
Warning (332174): Ignored filter at FPGA.sdc(4): U_PLL|altpll_component|auto_generated|wire_pll1_clk[1] could not be matched with a net File: C:/Mac/Home/Documents/CQ/i4004/MCS4_SYSTEM/FPGA/FPGA.sdc Line: 4
Warning (332049): Ignored create_clock at FPGA.sdc(4): Argument <targets> is an empty collection File: C:/Mac/Home/Documents/CQ/i4004/MCS4_SYSTEM/FPGA/FPGA.sdc Line: 4
    Info (332050): create_clock -name CLK_RISC_V -period   60.000 [get_nets {U_PLL|altpll_component|auto_generated|wire_pll1_clk[1]}] File: C:/Mac/Home/Documents/CQ/i4004/MCS4_SYSTEM/FPGA/FPGA.sdc Line: 4
Info (332110): Deriving PLL clocks
    Info (332110): create_generated_clock -source {U_PLL|altpll_component|auto_generated|pll1|inclk[0]} -divide_by 200 -multiply_by 3 -phase -36.00 -duty_cycle 50.00 -name {U_PLL|altpll_component|auto_generated|pll1|clk[3]} {U_PLL|altpll_component|auto_generated|pll1|clk[3]}
    Info (332110): create_generated_clock -source {U_PLL|altpll_component|auto_generated|pll1|inclk[0]} -divide_by 200 -multiply_by 3 -phase 36.00 -duty_cycle 50.00 -name {U_PLL|altpll_component|auto_generated|pll1|clk[4]} {U_PLL|altpll_component|auto_generated|pll1|clk[4]}
Info (332099):  You called derive_pll_clocks. User-defined clock found on pll: U_PLL|altpll_component|auto_generated|pll1|clk[0]. Original clock has priority over derived pll clocks. No clocks added to this pll.
Info (332099):  You called derive_pll_clocks. User-defined clock found on pll: U_PLL|altpll_component|auto_generated|pll1|clk[2]. Original clock has priority over derived pll clocks. No clocks added to this pll.
Info (332151): Clock uncertainty is not calculated until you update the timing netlist.
Warning (332174): Ignored filter at FPGA.sdc(67): altera_reserved_* could not be matched with a port File: C:/Mac/Home/Documents/CQ/i4004/MCS4_SYSTEM/FPGA/FPGA.sdc Line: 67
Warning (332174): Ignored filter at FPGA.sdc(67): altera_reserved_tck could not be matched with a clock File: C:/Mac/Home/Documents/CQ/i4004/MCS4_SYSTEM/FPGA/FPGA.sdc Line: 67
Warning (332049): Ignored set_input_delay at FPGA.sdc(67): Argument <targets> is an empty collection File: C:/Mac/Home/Documents/CQ/i4004/MCS4_SYSTEM/FPGA/FPGA.sdc Line: 67
    Info (332050): set_input_delay  -clock {altera_reserved_tck} 10 [get_ports {altera_reserved_*}] File: C:/Mac/Home/Documents/CQ/i4004/MCS4_SYSTEM/FPGA/FPGA.sdc Line: 67
Warning (332049): Ignored set_input_delay at FPGA.sdc(67): Argument -clock is not an object ID File: C:/Mac/Home/Documents/CQ/i4004/MCS4_SYSTEM/FPGA/FPGA.sdc Line: 67
Warning (332049): Ignored set_output_delay at FPGA.sdc(68): Argument <targets> is an empty collection File: C:/Mac/Home/Documents/CQ/i4004/MCS4_SYSTEM/FPGA/FPGA.sdc Line: 68
    Info (332050): set_output_delay -clock {altera_reserved_tck} 10 [get_ports {altera_reserved_*}] File: C:/Mac/Home/Documents/CQ/i4004/MCS4_SYSTEM/FPGA/FPGA.sdc Line: 68
Warning (332049): Ignored set_output_delay at FPGA.sdc(68): Argument -clock is not an object ID File: C:/Mac/Home/Documents/CQ/i4004/MCS4_SYSTEM/FPGA/FPGA.sdc Line: 68
Info (332123): Deriving Clock Uncertainty. Please refer to report_sdc in the Timing Analyzer to see clock uncertainties.
Warning (332056): PLL cross checking found inconsistent PLL clock settings:
    Warning (332056): Clock: CLK_RISC_V with period: 50.000 found on PLL node: U_PLL|altpll_component|auto_generated|pll1|clk[0] does not match the period requirement: 20.000
    Warning (332056): Clock: CLK_MCS4_S with period: 1333.333 found on PLL node: U_PLL|altpll_component|auto_generated|pll1|clk[2] does not match the period requirement: 20.000
Info: Found TIMING_ANALYZER_REPORT_SCRIPT_INCLUDE_DEFAULT_ANALYSIS = ON
Info: Analyzing Slow 1200mV 85C Model
Info: Can't run Report Timing Closure Recommendations. The current device family is not supported.
Info (332146): Worst-case setup slack is 2.802
    Info (332119):     Slack       End Point TNS Clock 
    Info (332119): ========= =================== =====================
    Info (332119):     2.802               0.000 CLK_RISC_V 
    Info (332119):    16.842               0.000 CLK50 
    Info (332119):    31.917               0.000 POR 
    Info (332119):    37.111               0.000 TCK 
    Info (332119):   108.227               0.000 U_PLL|altpll_component|auto_generated|pll1|clk[4] 
    Info (332119):   124.354               0.000 CLK_MCS4_S 
    Info (332119):   693.692               0.000 U_PLL|altpll_component|auto_generated|pll1|clk[3] 
    Info (332119):   749.167               0.000 CLK_MCS4_C 
Info (332146): Worst-case hold slack is 0.339
    Info (332119):     Slack       End Point TNS Clock 
    Info (332119): ========= =================== =====================
    Info (332119):     0.339               0.000 CLK_RISC_V 
    Info (332119):     0.340               0.000 CLK_MCS4_S 
    Info (332119):     0.348               0.000 CLK_MCS4_C 
    Info (332119):     0.358               0.000 CLK50 
    Info (332119):     0.378               0.000 TCK 
    Info (332119):    16.374               0.000 POR 
    Info (332119):   636.871               0.000 U_PLL|altpll_component|auto_generated|pll1|clk[3] 
    Info (332119):  1207.073               0.000 U_PLL|altpll_component|auto_generated|pll1|clk[4] 
Warning (332009): The launch and latch times for the relationship between source clock: POR and destination clock: U_PLL|altpll_component|auto_generated|pll1|clk[3] are outside of the legal time range. The relationship difference is correct, however the launch time is set to 0.
Warning (332009): The launch and latch times for the relationship between source clock: POR and destination clock: U_PLL|altpll_component|auto_generated|pll1|clk[3] are outside of the legal time range. The relationship difference is correct, however the launch time is set to 0.
Warning (332009): The launch and latch times for the relationship between source clock: POR and destination clock: U_PLL|altpll_component|auto_generated|pll1|clk[4] are outside of the legal time range. The relationship difference is correct, however the launch time is set to 0.
Warning (332009): The launch and latch times for the relationship between source clock: POR and destination clock: U_PLL|altpll_component|auto_generated|pll1|clk[4] are outside of the legal time range. The relationship difference is correct, however the launch time is set to 0.
Critical Warning (332148): Timing requirements not met
Info (332146): Worst-case recovery slack is -7.623
    Info (332119):     Slack       End Point TNS Clock 
    Info (332119): ========= =================== =====================
    Info (332119):    -7.623             -76.230 U_PLL|altpll_component|auto_generated|pll1|clk[3] 
    Info (332119):    -2.867             -14.335 U_PLL|altpll_component|auto_generated|pll1|clk[4] 
    Info (332119):    37.971               0.000 TCK 
    Info (332119):    38.480               0.000 CLK_RISC_V 
    Info (332119):  1324.947               0.000 CLK_MCS4_S 
Warning (332009): The launch and latch times for the relationship between source clock: POR and destination clock: U_PLL|altpll_component|auto_generated|pll1|clk[3] are outside of the legal time range. The relationship difference is correct, however the launch time is set to 0.
Warning (332009): The launch and latch times for the relationship between source clock: POR and destination clock: U_PLL|altpll_component|auto_generated|pll1|clk[3] are outside of the legal time range. The relationship difference is correct, however the launch time is set to 0.
Warning (332009): The launch and latch times for the relationship between source clock: POR and destination clock: U_PLL|altpll_component|auto_generated|pll1|clk[4] are outside of the legal time range. The relationship difference is correct, however the launch time is set to 0.
Warning (332009): The launch and latch times for the relationship between source clock: POR and destination clock: U_PLL|altpll_component|auto_generated|pll1|clk[4] are outside of the legal time range. The relationship difference is correct, however the launch time is set to 0.
Info (332146): Worst-case removal slack is 0.935
    Info (332119):     Slack       End Point TNS Clock 
    Info (332119): ========= =================== =====================
    Info (332119):     0.935               0.000 CLK_RISC_V 
    Info (332119):     2.258               0.000 U_PLL|altpll_component|auto_generated|pll1|clk[4] 
    Info (332119):     5.297               0.000 TCK 
    Info (332119):     6.849               0.000 U_PLL|altpll_component|auto_generated|pll1|clk[3] 
    Info (332119):     7.111               0.000 CLK_MCS4_S 
Info (332146): Worst-case minimum pulse width slack is 9.701
    Info (332119):     Slack       End Point TNS Clock 
    Info (332119): ========= =================== =====================
    Info (332119):     9.701               0.000 CLK50 
    Info (332119):    24.663               0.000 CLK_RISC_V 
    Info (332119):    49.675               0.000 TCK 
    Info (332119):   666.253               0.000 CLK_MCS4_C 
    Info (332119):   666.340               0.000 CLK_MCS4_S 
    Info (332119):   666.383               0.000 U_PLL|altpll_component|auto_generated|pll1|clk[3] 
    Info (332119):   666.410               0.000 U_PLL|altpll_component|auto_generated|pll1|clk[4] 
    Info (332119):  2499.914               0.000 POR 
Info (332114): Report Metastability: Found 31 synchronizer chains.
    Info (332114): The design MTBF is not calculated because there are no specified synchronizers in the design.
    Info (332114): Number of Synchronizer Chains Found: 31
    Info (332114): Shortest Synchronizer Chain: 2 Registers
    Info (332114): Fraction of Chains for which MTBFs Could Not be Calculated: 1.000
    Info (332114): Worst Case Available Settling Time: 89.569 ns
    Info (332114): 
Info: Analyzing Slow 1200mV 0C Model
Info (334003): Started post-fitting delay annotation
Info (334004): Delay annotation completed successfully
Info (332123): Deriving Clock Uncertainty. Please refer to report_sdc in the Timing Analyzer to see clock uncertainties.
Warning (332056): PLL cross checking found inconsistent PLL clock settings:
    Warning (332056): Clock: CLK_RISC_V with period: 50.000 found on PLL node: U_PLL|altpll_component|auto_generated|pll1|clk[0] does not match the period requirement: 20.000
    Warning (332056): Clock: CLK_MCS4_S with period: 1333.333 found on PLL node: U_PLL|altpll_component|auto_generated|pll1|clk[2] does not match the period requirement: 20.000
Info (332146): Worst-case setup slack is 6.572
    Info (332119):     Slack       End Point TNS Clock 
    Info (332119): ========= =================== =====================
    Info (332119):     6.572               0.000 CLK_RISC_V 
    Info (332119):    17.091               0.000 CLK50 
    Info (332119):    32.673               0.000 POR 
    Info (332119):    37.836               0.000 TCK 
    Info (332119):   110.136               0.000 U_PLL|altpll_component|auto_generated|pll1|clk[4] 
    Info (332119):   124.521               0.000 CLK_MCS4_S 
    Info (332119):   694.435               0.000 U_PLL|altpll_component|auto_generated|pll1|clk[3] 
    Info (332119):   754.421               0.000 CLK_MCS4_C 
Info (332146): Worst-case hold slack is 0.304
    Info (332119):     Slack       End Point TNS Clock 
    Info (332119): ========= =================== =====================
    Info (332119):     0.304               0.000 CLK_MCS4_S 
    Info (332119):     0.305               0.000 CLK_RISC_V 
    Info (332119):     0.311               0.000 CLK_MCS4_C 
    Info (332119):     0.324               0.000 CLK50 
    Info (332119):     0.339               0.000 TCK 
    Info (332119):    15.934               0.000 POR 
    Info (332119):   636.309               0.000 U_PLL|altpll_component|auto_generated|pll1|clk[3] 
    Info (332119):  1206.143               0.000 U_PLL|altpll_component|auto_generated|pll1|clk[4] 
Warning (332009): The launch and latch times for the relationship between source clock: POR and destination clock: U_PLL|altpll_component|auto_generated|pll1|clk[3] are outside of the legal time range. The relationship difference is correct, however the launch time is set to 0.
Warning (332009): The launch and latch times for the relationship between source clock: POR and destination clock: U_PLL|altpll_component|auto_generated|pll1|clk[3] are outside of the legal time range. The relationship difference is correct, however the launch time is set to 0.
Warning (332009): The launch and latch times for the relationship between source clock: POR and destination clock: U_PLL|altpll_component|auto_generated|pll1|clk[4] are outside of the legal time range. The relationship difference is correct, however the launch time is set to 0.
Warning (332009): The launch and latch times for the relationship between source clock: POR and destination clock: U_PLL|altpll_component|auto_generated|pll1|clk[4] are outside of the legal time range. The relationship difference is correct, however the launch time is set to 0.
Critical Warning (332148): Timing requirements not met
Info (332146): Worst-case recovery slack is -6.881
    Info (332119):     Slack       End Point TNS Clock 
    Info (332119): ========= =================== =====================
    Info (332119):    -6.881             -68.810 U_PLL|altpll_component|auto_generated|pll1|clk[3] 
    Info (332119):    -2.342             -11.710 U_PLL|altpll_component|auto_generated|pll1|clk[4] 
    Info (332119):    38.568               0.000 TCK 
    Info (332119):    39.448               0.000 CLK_RISC_V 
    Info (332119):  1325.524               0.000 CLK_MCS4_S 
Warning (332009): The launch and latch times for the relationship between source clock: POR and destination clock: U_PLL|altpll_component|auto_generated|pll1|clk[3] are outside of the legal time range. The relationship difference is correct, however the launch time is set to 0.
Warning (332009): The launch and latch times for the relationship between source clock: POR and destination clock: U_PLL|altpll_component|auto_generated|pll1|clk[3] are outside of the legal time range. The relationship difference is correct, however the launch time is set to 0.
Warning (332009): The launch and latch times for the relationship between source clock: POR and destination clock: U_PLL|altpll_component|auto_generated|pll1|clk[4] are outside of the legal time range. The relationship difference is correct, however the launch time is set to 0.
Warning (332009): The launch and latch times for the relationship between source clock: POR and destination clock: U_PLL|altpll_component|auto_generated|pll1|clk[4] are outside of the legal time range. The relationship difference is correct, however the launch time is set to 0.
Info (332146): Worst-case removal slack is 0.860
    Info (332119):     Slack       End Point TNS Clock 
    Info (332119): ========= =================== =====================
    Info (332119):     0.860               0.000 CLK_RISC_V 
    Info (332119):     1.810               0.000 U_PLL|altpll_component|auto_generated|pll1|clk[4] 
    Info (332119):     4.831               0.000 TCK 
    Info (332119):     5.839               0.000 U_PLL|altpll_component|auto_generated|pll1|clk[3] 
    Info (332119):     6.387               0.000 CLK_MCS4_S 
Info (332146): Worst-case minimum pulse width slack is 9.720
    Info (332119):     Slack       End Point TNS Clock 
    Info (332119): ========= =================== =====================
    Info (332119):     9.720               0.000 CLK50 
    Info (332119):    24.683               0.000 CLK_RISC_V 
    Info (332119):    49.695               0.000 TCK 
    Info (332119):   666.297               0.000 CLK_MCS4_S 
    Info (332119):   666.362               0.000 U_PLL|altpll_component|auto_generated|pll1|clk[3] 
    Info (332119):   666.378               0.000 U_PLL|altpll_component|auto_generated|pll1|clk[4] 
    Info (332119):   666.429               0.000 CLK_MCS4_C 
    Info (332119):  2499.922               0.000 POR 
Info (332114): Report Metastability: Found 31 synchronizer chains.
    Info (332114): The design MTBF is not calculated because there are no specified synchronizers in the design.
    Info (332114): Number of Synchronizer Chains Found: 31
    Info (332114): Shortest Synchronizer Chain: 2 Registers
    Info (332114): Fraction of Chains for which MTBFs Could Not be Calculated: 1.000
    Info (332114): Worst Case Available Settling Time: 90.400 ns
    Info (332114): 
Info: Analyzing Fast 1200mV 0C Model
Info (332123): Deriving Clock Uncertainty. Please refer to report_sdc in the Timing Analyzer to see clock uncertainties.
Warning (332056): PLL cross checking found inconsistent PLL clock settings:
    Warning (332056): Clock: CLK_RISC_V with period: 50.000 found on PLL node: U_PLL|altpll_component|auto_generated|pll1|clk[0] does not match the period requirement: 20.000
    Warning (332056): Clock: CLK_MCS4_S with period: 1333.333 found on PLL node: U_PLL|altpll_component|auto_generated|pll1|clk[2] does not match the period requirement: 20.000
Info (332146): Worst-case setup slack is 18.670
    Info (332119):     Slack       End Point TNS Clock 
    Info (332119): ========= =================== =====================
    Info (332119):    18.670               0.000 CLK50 
    Info (332119):    21.018               0.000 CLK_RISC_V 
    Info (332119):    35.927               0.000 POR 
    Info (332119):    40.200               0.000 TCK 
    Info (332119):   121.026               0.000 U_PLL|altpll_component|auto_generated|pll1|clk[4] 
    Info (332119):   129.025               0.000 CLK_MCS4_S 
    Info (332119):   697.006               0.000 U_PLL|altpll_component|auto_generated|pll1|clk[3] 
    Info (332119):   791.749               0.000 CLK_MCS4_C 
Info (332146): Worst-case hold slack is 0.147
    Info (332119):     Slack       End Point TNS Clock 
    Info (332119): ========= =================== =====================
    Info (332119):     0.147               0.000 CLK_MCS4_S 
    Info (332119):     0.147               0.000 CLK_RISC_V 
    Info (332119):     0.152               0.000 CLK_MCS4_C 
    Info (332119):     0.153               0.000 CLK50 
    Info (332119):     0.156               0.000 TCK 
    Info (332119):    12.878               0.000 POR 
    Info (332119):   634.730               0.000 U_PLL|altpll_component|auto_generated|pll1|clk[3] 
    Info (332119):  1203.204               0.000 U_PLL|altpll_component|auto_generated|pll1|clk[4] 
Warning (332009): The launch and latch times for the relationship between source clock: POR and destination clock: U_PLL|altpll_component|auto_generated|pll1|clk[3] are outside of the legal time range. The relationship difference is correct, however the launch time is set to 0.
Warning (332009): The launch and latch times for the relationship between source clock: POR and destination clock: U_PLL|altpll_component|auto_generated|pll1|clk[3] are outside of the legal time range. The relationship difference is correct, however the launch time is set to 0.
Warning (332009): The launch and latch times for the relationship between source clock: POR and destination clock: U_PLL|altpll_component|auto_generated|pll1|clk[4] are outside of the legal time range. The relationship difference is correct, however the launch time is set to 0.
Warning (332009): The launch and latch times for the relationship between source clock: POR and destination clock: U_PLL|altpll_component|auto_generated|pll1|clk[4] are outside of the legal time range. The relationship difference is correct, however the launch time is set to 0.
Critical Warning (332148): Timing requirements not met
Info (332146): Worst-case recovery slack is -3.742
    Info (332119):     Slack       End Point TNS Clock 
    Info (332119): ========= =================== =====================
    Info (332119):    -3.742             -37.420 U_PLL|altpll_component|auto_generated|pll1|clk[3] 
    Info (332119):    -1.405              -7.025 U_PLL|altpll_component|auto_generated|pll1|clk[4] 
    Info (332119):    41.680               0.000 TCK 
    Info (332119):    44.502               0.000 CLK_RISC_V 
    Info (332119):  1329.183               0.000 CLK_MCS4_S 
Warning (332009): The launch and latch times for the relationship between source clock: POR and destination clock: U_PLL|altpll_component|auto_generated|pll1|clk[3] are outside of the legal time range. The relationship difference is correct, however the launch time is set to 0.
Warning (332009): The launch and latch times for the relationship between source clock: POR and destination clock: U_PLL|altpll_component|auto_generated|pll1|clk[3] are outside of the legal time range. The relationship difference is correct, however the launch time is set to 0.
Warning (332009): The launch and latch times for the relationship between source clock: POR and destination clock: U_PLL|altpll_component|auto_generated|pll1|clk[4] are outside of the legal time range. The relationship difference is correct, however the launch time is set to 0.
Warning (332009): The launch and latch times for the relationship between source clock: POR and destination clock: U_PLL|altpll_component|auto_generated|pll1|clk[4] are outside of the legal time range. The relationship difference is correct, however the launch time is set to 0.
Info (332146): Worst-case removal slack is 0.406
    Info (332119):     Slack       End Point TNS Clock 
    Info (332119): ========= =================== =====================
    Info (332119):     0.406               0.000 CLK_RISC_V 
    Info (332119):     0.941               0.000 U_PLL|altpll_component|auto_generated|pll1|clk[4] 
    Info (332119):     2.445               0.000 TCK 
    Info (332119):     2.933               0.000 U_PLL|altpll_component|auto_generated|pll1|clk[3] 
    Info (332119):     3.325               0.000 CLK_MCS4_S 
Info (332146): Worst-case minimum pulse width slack is 9.472
    Info (332119):     Slack       End Point TNS Clock 
    Info (332119): ========= =================== =====================
    Info (332119):     9.472               0.000 CLK50 
    Info (332119):    24.710               0.000 CLK_RISC_V 
    Info (332119):    49.382               0.000 TCK 
    Info (332119):   665.875               0.000 CLK_MCS4_C 
    Info (332119):   666.331               0.000 CLK_MCS4_S 
    Info (332119):   666.439               0.000 U_PLL|altpll_component|auto_generated|pll1|clk[4] 
    Info (332119):   666.450               0.000 U_PLL|altpll_component|auto_generated|pll1|clk[3] 
    Info (332119):  2499.962               0.000 POR 
Info (332114): Report Metastability: Found 31 synchronizer chains.
    Info (332114): The design MTBF is not calculated because there are no specified synchronizers in the design.
    Info (332114): Number of Synchronizer Chains Found: 31
    Info (332114): Shortest Synchronizer Chain: 2 Registers
    Info (332114): Fraction of Chains for which MTBFs Could Not be Calculated: 1.000
    Info (332114): Worst Case Available Settling Time: 95.166 ns
    Info (332114): 
Info (332101): Design is fully constrained for setup requirements
Info (332101): Design is fully constrained for hold requirements
Info: Quartus Prime Timing Analyzer was successful. 0 errors, 46 warnings
    Info: Peak virtual memory: 13721 megabytes
    Info: Processing ended: Sat Jul 25 11:36:16 2026
    Info: Elapsed time: 00:00:27
    Info: Total CPU time (on all processors): 00:01:08


